--
-- PostgreSQL database dump
--

-- Dumped from database version 17.5
-- Dumped by pg_dump version 17.5

SET statement_timeout = 0;
SET lock_timeout = 0;
SET idle_in_transaction_session_timeout = 0;
SET transaction_timeout = 0;
SET client_encoding = 'UTF8';
SET standard_conforming_strings = on;
SELECT pg_catalog.set_config('search_path', '', false);
SET check_function_bodies = false;
SET xmloption = content;
SET client_min_messages = warning;
SET row_security = off;

SET default_tablespace = '';

SET default_table_access_method = heap;

--
-- Name: admin_interface_theme; Type: TABLE; Schema: public; Owner: urbanstore_user
--

CREATE TABLE public.admin_interface_theme (
    id integer NOT NULL,
    name character varying(50) NOT NULL,
    active boolean NOT NULL,
    title character varying(50) NOT NULL,
    title_visible boolean NOT NULL,
    logo character varying(100) NOT NULL,
    logo_visible boolean NOT NULL,
    css_header_background_color character varying(10) NOT NULL,
    title_color character varying(10) NOT NULL,
    css_header_text_color character varying(10) NOT NULL,
    css_header_link_color character varying(10) NOT NULL,
    css_header_link_hover_color character varying(10) NOT NULL,
    css_module_background_color character varying(10) NOT NULL,
    css_module_text_color character varying(10) NOT NULL,
    css_module_link_color character varying(10) NOT NULL,
    css_module_link_hover_color character varying(10) NOT NULL,
    css_module_rounded_corners boolean NOT NULL,
    css_generic_link_color character varying(10) NOT NULL,
    css_generic_link_hover_color character varying(10) NOT NULL,
    css_save_button_background_color character varying(10) NOT NULL,
    css_save_button_background_hover_color character varying(10) NOT NULL,
    css_save_button_text_color character varying(10) NOT NULL,
    css_delete_button_background_color character varying(10) NOT NULL,
    css_delete_button_background_hover_color character varying(10) NOT NULL,
    css_delete_button_text_color character varying(10) NOT NULL,
    list_filter_dropdown boolean NOT NULL,
    related_modal_active boolean NOT NULL,
    related_modal_background_color character varying(10) NOT NULL,
    related_modal_rounded_corners boolean NOT NULL,
    logo_color character varying(10) NOT NULL,
    recent_actions_visible boolean NOT NULL,
    favicon character varying(100) NOT NULL,
    related_modal_background_opacity character varying(5) NOT NULL,
    env_name character varying(50) NOT NULL,
    env_visible_in_header boolean NOT NULL,
    env_color character varying(10) NOT NULL,
    env_visible_in_favicon boolean NOT NULL,
    related_modal_close_button_visible boolean NOT NULL,
    language_chooser_active boolean NOT NULL,
    language_chooser_display character varying(10) NOT NULL,
    list_filter_sticky boolean NOT NULL,
    form_pagination_sticky boolean NOT NULL,
    form_submit_sticky boolean NOT NULL,
    css_module_background_selected_color character varying(10) NOT NULL,
    css_module_link_selected_color character varying(10) NOT NULL,
    logo_max_height smallint NOT NULL,
    logo_max_width smallint NOT NULL,
    foldable_apps boolean NOT NULL,
    language_chooser_control character varying(20) NOT NULL,
    list_filter_highlight boolean NOT NULL,
    list_filter_removal_links boolean NOT NULL,
    show_fieldsets_as_tabs boolean NOT NULL,
    show_inlines_as_tabs boolean NOT NULL,
    css_generic_link_active_color character varying(10) NOT NULL,
    collapsible_stacked_inlines boolean NOT NULL,
    collapsible_stacked_inlines_collapsed boolean NOT NULL,
    collapsible_tabular_inlines boolean NOT NULL,
    collapsible_tabular_inlines_collapsed boolean NOT NULL,
    CONSTRAINT admin_interface_theme_logo_max_height_check CHECK ((logo_max_height >= 0)),
    CONSTRAINT admin_interface_theme_logo_max_width_check CHECK ((logo_max_width >= 0))
);


ALTER TABLE public.admin_interface_theme OWNER TO urbanstore_user;

--
-- Name: admin_interface_theme_id_seq; Type: SEQUENCE; Schema: public; Owner: urbanstore_user
--

ALTER TABLE public.admin_interface_theme ALTER COLUMN id ADD GENERATED BY DEFAULT AS IDENTITY (
    SEQUENCE NAME public.admin_interface_theme_id_seq
    START WITH 1
    INCREMENT BY 1
    NO MINVALUE
    NO MAXVALUE
    CACHE 1
);


--
-- Name: app_complemento; Type: TABLE; Schema: public; Owner: urbanstore_user
--

CREATE TABLE public.app_complemento (
    id bigint NOT NULL,
    modelo character varying(50) NOT NULL,
    precio integer NOT NULL,
    descripcion text NOT NULL,
    nuevo boolean NOT NULL,
    subcategoria character varying(3) NOT NULL,
    imagen character varying(100),
    cantidad integer NOT NULL,
    genero character varying(3) NOT NULL,
    color character varying(3) NOT NULL,
    marca_id bigint NOT NULL,
    usuario_id integer,
    CONSTRAINT app_complemento_cantidad_check CHECK ((cantidad >= 0))
);


ALTER TABLE public.app_complemento OWNER TO urbanstore_user;

--
-- Name: app_complemento_id_seq; Type: SEQUENCE; Schema: public; Owner: urbanstore_user
--

ALTER TABLE public.app_complemento ALTER COLUMN id ADD GENERATED BY DEFAULT AS IDENTITY (
    SEQUENCE NAME public.app_complemento_id_seq
    START WITH 1
    INCREMENT BY 1
    NO MINVALUE
    NO MAXVALUE
    CACHE 1
);


--
-- Name: app_contacto; Type: TABLE; Schema: public; Owner: urbanstore_user
--

CREATE TABLE public.app_contacto (
    id bigint NOT NULL,
    nombre character varying(100) NOT NULL,
    email character varying(254) NOT NULL,
    telefono character varying(20),
    mensaje text NOT NULL,
    fecha timestamp with time zone NOT NULL,
    leido boolean NOT NULL
);


ALTER TABLE public.app_contacto OWNER TO urbanstore_user;

--
-- Name: app_contacto_id_seq; Type: SEQUENCE; Schema: public; Owner: urbanstore_user
--

ALTER TABLE public.app_contacto ALTER COLUMN id ADD GENERATED BY DEFAULT AS IDENTITY (
    SEQUENCE NAME public.app_contacto_id_seq
    START WITH 1
    INCREMENT BY 1
    NO MINVALUE
    NO MAXVALUE
    CACHE 1
);


--
-- Name: app_envio; Type: TABLE; Schema: public; Owner: urbanstore_user
--

CREATE TABLE public.app_envio (
    id bigint NOT NULL,
    courier character varying(20) NOT NULL,
    marcas_compradas character varying(255),
    nombre character varying(100) NOT NULL,
    direccion character varying(200) NOT NULL,
    ciudad character varying(100) NOT NULL,
    region character varying(4) NOT NULL,
    codigo_postal character varying(10) NOT NULL,
    telefono character varying(20) NOT NULL,
    email character varying(254) NOT NULL,
    monto_carrito integer NOT NULL,
    costo_envio integer NOT NULL,
    total_pagar integer NOT NULL,
    fecha timestamp with time zone NOT NULL,
    procesado boolean NOT NULL,
    usuario_id integer
);


ALTER TABLE public.app_envio OWNER TO urbanstore_user;

--
-- Name: app_envio_id_seq; Type: SEQUENCE; Schema: public; Owner: urbanstore_user
--

ALTER TABLE public.app_envio ALTER COLUMN id ADD GENERATED BY DEFAULT AS IDENTITY (
    SEQUENCE NAME public.app_envio_id_seq
    START WITH 1
    INCREMENT BY 1
    NO MINVALUE
    NO MAXVALUE
    CACHE 1
);


--
-- Name: app_marca; Type: TABLE; Schema: public; Owner: urbanstore_user
--

CREATE TABLE public.app_marca (
    id bigint NOT NULL,
    nombre character varying(50) NOT NULL,
    tienda_id bigint,
    usuario_id integer
);


ALTER TABLE public.app_marca OWNER TO urbanstore_user;

--
-- Name: app_marca_id_seq; Type: SEQUENCE; Schema: public; Owner: urbanstore_user
--

ALTER TABLE public.app_marca ALTER COLUMN id ADD GENERATED BY DEFAULT AS IDENTITY (
    SEQUENCE NAME public.app_marca_id_seq
    START WITH 1
    INCREMENT BY 1
    NO MINVALUE
    NO MAXVALUE
    CACHE 1
);


--
-- Name: app_piernas; Type: TABLE; Schema: public; Owner: urbanstore_user
--

CREATE TABLE public.app_piernas (
    id bigint NOT NULL,
    modelo character varying(50) NOT NULL,
    precio integer NOT NULL,
    descripcion text NOT NULL,
    nuevo boolean NOT NULL,
    imagen character varying(100),
    cantidad integer NOT NULL,
    genero character varying(3) NOT NULL,
    color character varying(3) NOT NULL,
    subcategoria character varying(3) NOT NULL,
    marca_id bigint NOT NULL,
    usuario_id integer,
    CONSTRAINT app_piernas_cantidad_check CHECK ((cantidad >= 0))
);


ALTER TABLE public.app_piernas OWNER TO urbanstore_user;

--
-- Name: app_piernas_id_seq; Type: SEQUENCE; Schema: public; Owner: urbanstore_user
--

ALTER TABLE public.app_piernas ALTER COLUMN id ADD GENERATED BY DEFAULT AS IDENTITY (
    SEQUENCE NAME public.app_piernas_id_seq
    START WITH 1
    INCREMENT BY 1
    NO MINVALUE
    NO MAXVALUE
    CACHE 1
);


--
-- Name: app_preferenciasusuario; Type: TABLE; Schema: public; Owner: urbanstore_user
--

CREATE TABLE public.app_preferenciasusuario (
    id bigint NOT NULL,
    recibir_notificaciones boolean NOT NULL,
    user_id integer NOT NULL,
    tienda_asociada_id bigint
);


ALTER TABLE public.app_preferenciasusuario OWNER TO urbanstore_user;

--
-- Name: app_preferenciasusuario_id_seq; Type: SEQUENCE; Schema: public; Owner: urbanstore_user
--

ALTER TABLE public.app_preferenciasusuario ALTER COLUMN id ADD GENERATED BY DEFAULT AS IDENTITY (
    SEQUENCE NAME public.app_preferenciasusuario_id_seq
    START WITH 1
    INCREMENT BY 1
    NO MINVALUE
    NO MAXVALUE
    CACHE 1
);


--
-- Name: app_sesocio; Type: TABLE; Schema: public; Owner: urbanstore_user
--

CREATE TABLE public.app_sesocio (
    id bigint NOT NULL,
    nombre character varying(100) NOT NULL,
    email character varying(254) NOT NULL,
    rut_comercial character varying(20) NOT NULL,
    nombre_marca character varying(100) NOT NULL,
    rubro character varying(3) NOT NULL,
    descripcion text NOT NULL,
    fecha timestamp with time zone NOT NULL,
    contacto boolean NOT NULL
);


ALTER TABLE public.app_sesocio OWNER TO urbanstore_user;

--
-- Name: app_sesocio_id_seq; Type: SEQUENCE; Schema: public; Owner: urbanstore_user
--

ALTER TABLE public.app_sesocio ALTER COLUMN id ADD GENERATED BY DEFAULT AS IDENTITY (
    SEQUENCE NAME public.app_sesocio_id_seq
    START WITH 1
    INCREMENT BY 1
    NO MINVALUE
    NO MAXVALUE
    CACHE 1
);


--
-- Name: app_tienda; Type: TABLE; Schema: public; Owner: urbanstore_user
--

CREATE TABLE public.app_tienda (
    id bigint NOT NULL,
    nombre_tienda character varying(100) NOT NULL,
    categorias character varying(255) NOT NULL
);


ALTER TABLE public.app_tienda OWNER TO urbanstore_user;

--
-- Name: app_tienda_id_seq; Type: SEQUENCE; Schema: public; Owner: urbanstore_user
--

ALTER TABLE public.app_tienda ALTER COLUMN id ADD GENERATED BY DEFAULT AS IDENTITY (
    SEQUENCE NAME public.app_tienda_id_seq
    START WITH 1
    INCREMENT BY 1
    NO MINVALUE
    NO MAXVALUE
    CACHE 1
);


--
-- Name: app_trabajaconnosotros; Type: TABLE; Schema: public; Owner: urbanstore_user
--

CREATE TABLE public.app_trabajaconnosotros (
    id bigint NOT NULL,
    nombre character varying(100) NOT NULL,
    email character varying(254) NOT NULL,
    telefono character varying(20) NOT NULL,
    puesto character varying(3) NOT NULL,
    mensaje text NOT NULL,
    cv character varying(100) NOT NULL,
    fecha timestamp with time zone NOT NULL,
    leido boolean NOT NULL
);


ALTER TABLE public.app_trabajaconnosotros OWNER TO urbanstore_user;

--
-- Name: app_trabajaconnosotros_id_seq; Type: SEQUENCE; Schema: public; Owner: urbanstore_user
--

ALTER TABLE public.app_trabajaconnosotros ALTER COLUMN id ADD GENERATED BY DEFAULT AS IDENTITY (
    SEQUENCE NAME public.app_trabajaconnosotros_id_seq
    START WITH 1
    INCREMENT BY 1
    NO MINVALUE
    NO MAXVALUE
    CACHE 1
);


--
-- Name: app_tronco; Type: TABLE; Schema: public; Owner: urbanstore_user
--

CREATE TABLE public.app_tronco (
    id bigint NOT NULL,
    modelo character varying(50) NOT NULL,
    precio integer NOT NULL,
    descripcion text NOT NULL,
    nuevo boolean NOT NULL,
    imagen character varying(100),
    cantidad integer NOT NULL,
    genero character varying(3) NOT NULL,
    color character varying(3) NOT NULL,
    subcategoria character varying(3) NOT NULL,
    marca_id bigint NOT NULL,
    usuario_id integer,
    CONSTRAINT app_tronco_cantidad_check CHECK ((cantidad >= 0))
);


ALTER TABLE public.app_tronco OWNER TO urbanstore_user;

--
-- Name: app_tronco_id_seq; Type: SEQUENCE; Schema: public; Owner: urbanstore_user
--

ALTER TABLE public.app_tronco ALTER COLUMN id ADD GENERATED BY DEFAULT AS IDENTITY (
    SEQUENCE NAME public.app_tronco_id_seq
    START WITH 1
    INCREMENT BY 1
    NO MINVALUE
    NO MAXVALUE
    CACHE 1
);


--
-- Name: app_zapatos; Type: TABLE; Schema: public; Owner: urbanstore_user
--

CREATE TABLE public.app_zapatos (
    id bigint NOT NULL,
    modelo character varying(50) NOT NULL,
    precio integer NOT NULL,
    descripcion text NOT NULL,
    nuevo boolean NOT NULL,
    imagen character varying(100),
    cantidad integer NOT NULL,
    genero character varying(3) NOT NULL,
    color character varying(3) NOT NULL,
    subcategoria character varying(3) NOT NULL,
    marca_id bigint NOT NULL,
    usuario_id integer,
    CONSTRAINT app_zapatos_cantidad_check CHECK ((cantidad >= 0))
);


ALTER TABLE public.app_zapatos OWNER TO urbanstore_user;

--
-- Name: app_zapatos_id_seq; Type: SEQUENCE; Schema: public; Owner: urbanstore_user
--

ALTER TABLE public.app_zapatos ALTER COLUMN id ADD GENERATED BY DEFAULT AS IDENTITY (
    SEQUENCE NAME public.app_zapatos_id_seq
    START WITH 1
    INCREMENT BY 1
    NO MINVALUE
    NO MAXVALUE
    CACHE 1
);


--
-- Name: auth_group; Type: TABLE; Schema: public; Owner: urbanstore_user
--

CREATE TABLE public.auth_group (
    id integer NOT NULL,
    name character varying(150) NOT NULL
);


ALTER TABLE public.auth_group OWNER TO urbanstore_user;

--
-- Name: auth_group_id_seq; Type: SEQUENCE; Schema: public; Owner: urbanstore_user
--

ALTER TABLE public.auth_group ALTER COLUMN id ADD GENERATED BY DEFAULT AS IDENTITY (
    SEQUENCE NAME public.auth_group_id_seq
    START WITH 1
    INCREMENT BY 1
    NO MINVALUE
    NO MAXVALUE
    CACHE 1
);


--
-- Name: auth_group_permissions; Type: TABLE; Schema: public; Owner: urbanstore_user
--

CREATE TABLE public.auth_group_permissions (
    id bigint NOT NULL,
    group_id integer NOT NULL,
    permission_id integer NOT NULL
);


ALTER TABLE public.auth_group_permissions OWNER TO urbanstore_user;

--
-- Name: auth_group_permissions_id_seq; Type: SEQUENCE; Schema: public; Owner: urbanstore_user
--

ALTER TABLE public.auth_group_permissions ALTER COLUMN id ADD GENERATED BY DEFAULT AS IDENTITY (
    SEQUENCE NAME public.auth_group_permissions_id_seq
    START WITH 1
    INCREMENT BY 1
    NO MINVALUE
    NO MAXVALUE
    CACHE 1
);


--
-- Name: auth_permission; Type: TABLE; Schema: public; Owner: urbanstore_user
--

CREATE TABLE public.auth_permission (
    id integer NOT NULL,
    name character varying(255) NOT NULL,
    content_type_id integer NOT NULL,
    codename character varying(100) NOT NULL
);


ALTER TABLE public.auth_permission OWNER TO urbanstore_user;

--
-- Name: auth_permission_id_seq; Type: SEQUENCE; Schema: public; Owner: urbanstore_user
--

ALTER TABLE public.auth_permission ALTER COLUMN id ADD GENERATED BY DEFAULT AS IDENTITY (
    SEQUENCE NAME public.auth_permission_id_seq
    START WITH 1
    INCREMENT BY 1
    NO MINVALUE
    NO MAXVALUE
    CACHE 1
);


--
-- Name: auth_user; Type: TABLE; Schema: public; Owner: urbanstore_user
--

CREATE TABLE public.auth_user (
    id integer NOT NULL,
    password character varying(128) NOT NULL,
    last_login timestamp with time zone,
    is_superuser boolean NOT NULL,
    username character varying(150) NOT NULL,
    first_name character varying(150) NOT NULL,
    last_name character varying(150) NOT NULL,
    email character varying(254) NOT NULL,
    is_staff boolean NOT NULL,
    is_active boolean NOT NULL,
    date_joined timestamp with time zone NOT NULL
);


ALTER TABLE public.auth_user OWNER TO urbanstore_user;

--
-- Name: auth_user_groups; Type: TABLE; Schema: public; Owner: urbanstore_user
--

CREATE TABLE public.auth_user_groups (
    id bigint NOT NULL,
    user_id integer NOT NULL,
    group_id integer NOT NULL
);


ALTER TABLE public.auth_user_groups OWNER TO urbanstore_user;

--
-- Name: auth_user_groups_id_seq; Type: SEQUENCE; Schema: public; Owner: urbanstore_user
--

ALTER TABLE public.auth_user_groups ALTER COLUMN id ADD GENERATED BY DEFAULT AS IDENTITY (
    SEQUENCE NAME public.auth_user_groups_id_seq
    START WITH 1
    INCREMENT BY 1
    NO MINVALUE
    NO MAXVALUE
    CACHE 1
);


--
-- Name: auth_user_id_seq; Type: SEQUENCE; Schema: public; Owner: urbanstore_user
--

ALTER TABLE public.auth_user ALTER COLUMN id ADD GENERATED BY DEFAULT AS IDENTITY (
    SEQUENCE NAME public.auth_user_id_seq
    START WITH 1
    INCREMENT BY 1
    NO MINVALUE
    NO MAXVALUE
    CACHE 1
);


--
-- Name: auth_user_user_permissions; Type: TABLE; Schema: public; Owner: urbanstore_user
--

CREATE TABLE public.auth_user_user_permissions (
    id bigint NOT NULL,
    user_id integer NOT NULL,
    permission_id integer NOT NULL
);


ALTER TABLE public.auth_user_user_permissions OWNER TO urbanstore_user;

--
-- Name: auth_user_user_permissions_id_seq; Type: SEQUENCE; Schema: public; Owner: urbanstore_user
--

ALTER TABLE public.auth_user_user_permissions ALTER COLUMN id ADD GENERATED BY DEFAULT AS IDENTITY (
    SEQUENCE NAME public.auth_user_user_permissions_id_seq
    START WITH 1
    INCREMENT BY 1
    NO MINVALUE
    NO MAXVALUE
    CACHE 1
);


--
-- Name: django_admin_log; Type: TABLE; Schema: public; Owner: urbanstore_user
--

CREATE TABLE public.django_admin_log (
    id integer NOT NULL,
    action_time timestamp with time zone NOT NULL,
    object_id text,
    object_repr character varying(200) NOT NULL,
    action_flag smallint NOT NULL,
    change_message text NOT NULL,
    content_type_id integer,
    user_id integer NOT NULL,
    CONSTRAINT django_admin_log_action_flag_check CHECK ((action_flag >= 0))
);


ALTER TABLE public.django_admin_log OWNER TO urbanstore_user;

--
-- Name: django_admin_log_id_seq; Type: SEQUENCE; Schema: public; Owner: urbanstore_user
--

ALTER TABLE public.django_admin_log ALTER COLUMN id ADD GENERATED BY DEFAULT AS IDENTITY (
    SEQUENCE NAME public.django_admin_log_id_seq
    START WITH 1
    INCREMENT BY 1
    NO MINVALUE
    NO MAXVALUE
    CACHE 1
);


--
-- Name: django_content_type; Type: TABLE; Schema: public; Owner: urbanstore_user
--

CREATE TABLE public.django_content_type (
    id integer NOT NULL,
    app_label character varying(100) NOT NULL,
    model character varying(100) NOT NULL
);


ALTER TABLE public.django_content_type OWNER TO urbanstore_user;

--
-- Name: django_content_type_id_seq; Type: SEQUENCE; Schema: public; Owner: urbanstore_user
--

ALTER TABLE public.django_content_type ALTER COLUMN id ADD GENERATED BY DEFAULT AS IDENTITY (
    SEQUENCE NAME public.django_content_type_id_seq
    START WITH 1
    INCREMENT BY 1
    NO MINVALUE
    NO MAXVALUE
    CACHE 1
);


--
-- Name: django_migrations; Type: TABLE; Schema: public; Owner: urbanstore_user
--

CREATE TABLE public.django_migrations (
    id bigint NOT NULL,
    app character varying(255) NOT NULL,
    name character varying(255) NOT NULL,
    applied timestamp with time zone NOT NULL
);


ALTER TABLE public.django_migrations OWNER TO urbanstore_user;

--
-- Name: django_migrations_id_seq; Type: SEQUENCE; Schema: public; Owner: urbanstore_user
--

ALTER TABLE public.django_migrations ALTER COLUMN id ADD GENERATED BY DEFAULT AS IDENTITY (
    SEQUENCE NAME public.django_migrations_id_seq
    START WITH 1
    INCREMENT BY 1
    NO MINVALUE
    NO MAXVALUE
    CACHE 1
);


--
-- Name: django_session; Type: TABLE; Schema: public; Owner: urbanstore_user
--

CREATE TABLE public.django_session (
    session_key character varying(40) NOT NULL,
    session_data text NOT NULL,
    expire_date timestamp with time zone NOT NULL
);


ALTER TABLE public.django_session OWNER TO urbanstore_user;

--
-- Name: guardian_groupobjectpermission; Type: TABLE; Schema: public; Owner: urbanstore_user
--

CREATE TABLE public.guardian_groupobjectpermission (
    id integer NOT NULL,
    object_pk character varying(255) NOT NULL,
    content_type_id integer NOT NULL,
    group_id integer NOT NULL,
    permission_id integer NOT NULL
);


ALTER TABLE public.guardian_groupobjectpermission OWNER TO urbanstore_user;

--
-- Name: guardian_groupobjectpermission_id_seq; Type: SEQUENCE; Schema: public; Owner: urbanstore_user
--

ALTER TABLE public.guardian_groupobjectpermission ALTER COLUMN id ADD GENERATED BY DEFAULT AS IDENTITY (
    SEQUENCE NAME public.guardian_groupobjectpermission_id_seq
    START WITH 1
    INCREMENT BY 1
    NO MINVALUE
    NO MAXVALUE
    CACHE 1
);


--
-- Name: guardian_userobjectpermission; Type: TABLE; Schema: public; Owner: urbanstore_user
--

CREATE TABLE public.guardian_userobjectpermission (
    id integer NOT NULL,
    object_pk character varying(255) NOT NULL,
    content_type_id integer NOT NULL,
    permission_id integer NOT NULL,
    user_id integer NOT NULL
);


ALTER TABLE public.guardian_userobjectpermission OWNER TO urbanstore_user;

--
-- Name: guardian_userobjectpermission_id_seq; Type: SEQUENCE; Schema: public; Owner: urbanstore_user
--

ALTER TABLE public.guardian_userobjectpermission ALTER COLUMN id ADD GENERATED BY DEFAULT AS IDENTITY (
    SEQUENCE NAME public.guardian_userobjectpermission_id_seq
    START WITH 1
    INCREMENT BY 1
    NO MINVALUE
    NO MAXVALUE
    CACHE 1
);


--
-- Data for Name: admin_interface_theme; Type: TABLE DATA; Schema: public; Owner: urbanstore_user
--

COPY public.admin_interface_theme (id, name, active, title, title_visible, logo, logo_visible, css_header_background_color, title_color, css_header_text_color, css_header_link_color, css_header_link_hover_color, css_module_background_color, css_module_text_color, css_module_link_color, css_module_link_hover_color, css_module_rounded_corners, css_generic_link_color, css_generic_link_hover_color, css_save_button_background_color, css_save_button_background_hover_color, css_save_button_text_color, css_delete_button_background_color, css_delete_button_background_hover_color, css_delete_button_text_color, list_filter_dropdown, related_modal_active, related_modal_background_color, related_modal_rounded_corners, logo_color, recent_actions_visible, favicon, related_modal_background_opacity, env_name, env_visible_in_header, env_color, env_visible_in_favicon, related_modal_close_button_visible, language_chooser_active, language_chooser_display, list_filter_sticky, form_pagination_sticky, form_submit_sticky, css_module_background_selected_color, css_module_link_selected_color, logo_max_height, logo_max_width, foldable_apps, language_chooser_control, list_filter_highlight, list_filter_removal_links, show_fieldsets_as_tabs, show_inlines_as_tabs, css_generic_link_active_color, collapsible_stacked_inlines, collapsible_stacked_inlines_collapsed, collapsible_tabular_inlines, collapsible_tabular_inlines_collapsed) FROM stdin;
1	Django	t	Administración de Django	t		t	#0C4B33	#F5DD5D	#44B78B	#FFFFFF	#C9F0DD	#44B78B	#FFFFFF	#FFFFFF	#C9F0DD	t	#0C3C26	#156641	#0C4B33	#0C3C26	#FFFFFF	#BA2121	#A41515	#FFFFFF	t	t	#000000	t	#FFFFFF	t		0.3		t	#E74C3C	t	t	t	code	t	f	f	#FFFFCC	#FFFFFF	100	400	t	default-select	t	f	f	f	#29B864	f	t	f	t
\.


--
-- Data for Name: app_complemento; Type: TABLE DATA; Schema: public; Owner: urbanstore_user
--

COPY public.app_complemento (id, modelo, precio, descripcion, nuevo, subcategoria, imagen, cantidad, genero, color, marca_id, usuario_id) FROM stdin;
\.


--
-- Data for Name: app_contacto; Type: TABLE DATA; Schema: public; Owner: urbanstore_user
--

COPY public.app_contacto (id, nombre, email, telefono, mensaje, fecha, leido) FROM stdin;
\.


--
-- Data for Name: app_envio; Type: TABLE DATA; Schema: public; Owner: urbanstore_user
--

COPY public.app_envio (id, courier, marcas_compradas, nombre, direccion, ciudad, region, codigo_postal, telefono, email, monto_carrito, costo_envio, total_pagar, fecha, procesado, usuario_id) FROM stdin;
\.


--
-- Data for Name: app_marca; Type: TABLE DATA; Schema: public; Owner: urbanstore_user
--

COPY public.app_marca (id, nombre, tienda_id, usuario_id) FROM stdin;
6	Nike	\N	2
7	nike 2	1	2
8	Nike 3	1	2
9	Nike 4	1	2
10	nike 5	1	2
11	Supreme	3	\N
12	Off-White	3	\N
13	Stussy	3	\N
14	Nike SB	4	\N
15	Jordan Brand	4	\N
16	Yeezy	4	\N
17	Champion	5	\N
18	Fila	5	\N
19	Kappa	5	\N
20	Vans	6	\N
21	Thrasher	6	\N
22	Santa Cruz	6	\N
23	DC Shoes	6	\N
24	Ralph Lauren	7	\N
25	Tommy Hilfiger	7	\N
26	Lacoste	7	\N
\.


--
-- Data for Name: app_piernas; Type: TABLE DATA; Schema: public; Owner: urbanstore_user
--

COPY public.app_piernas (id, modelo, precio, descripcion, nuevo, imagen, cantidad, genero, color, subcategoria, marca_id, usuario_id) FROM stdin;
\.


--
-- Data for Name: app_preferenciasusuario; Type: TABLE DATA; Schema: public; Owner: urbanstore_user
--

COPY public.app_preferenciasusuario (id, recibir_notificaciones, user_id, tienda_asociada_id) FROM stdin;
3	f	6	\N
2	f	2	2
\.


--
-- Data for Name: app_sesocio; Type: TABLE DATA; Schema: public; Owner: urbanstore_user
--

COPY public.app_sesocio (id, nombre, email, rut_comercial, nombre_marca, rubro, descripcion, fecha, contacto) FROM stdin;
\.


--
-- Data for Name: app_tienda; Type: TABLE DATA; Schema: public; Owner: urbanstore_user
--

COPY public.app_tienda (id, nombre_tienda, categorias) FROM stdin;
1	tienda	Torso, Calzado
2	25US	Torso, Pantalones, Calzado, Accesorios
3	Urban Legends Maipú	Torso, Pantalones, Calzado, Accesorios
4	Sneaker Headz Central	Calzado, Accesorios
5	Retro Vibe Santiago	Torso, Pantalones
6	Skate Life Plaza	Torso, Pantalones, Calzado, Accesorios
7	Formal & Casual Style	Camisas, Pantalones
\.


--
-- Data for Name: app_trabajaconnosotros; Type: TABLE DATA; Schema: public; Owner: urbanstore_user
--

COPY public.app_trabajaconnosotros (id, nombre, email, telefono, puesto, mensaje, cv, fecha, leido) FROM stdin;
\.


--
-- Data for Name: app_tronco; Type: TABLE DATA; Schema: public; Owner: urbanstore_user
--

COPY public.app_tronco (id, modelo, precio, descripcion, nuevo, imagen, cantidad, genero, color, subcategoria, marca_id, usuario_id) FROM stdin;
1	Polera	17000	estos es un prueba	f	productos/Polera_Blanca_01_SuMtKVz.jpeg	40	HOM	BLN	POL	6	2
\.


--
-- Data for Name: app_zapatos; Type: TABLE DATA; Schema: public; Owner: urbanstore_user
--

COPY public.app_zapatos (id, modelo, precio, descripcion, nuevo, imagen, cantidad, genero, color, subcategoria, marca_id, usuario_id) FROM stdin;
\.


--
-- Data for Name: auth_group; Type: TABLE DATA; Schema: public; Owner: urbanstore_user
--

COPY public.auth_group (id, name) FROM stdin;
\.


--
-- Data for Name: auth_group_permissions; Type: TABLE DATA; Schema: public; Owner: urbanstore_user
--

COPY public.auth_group_permissions (id, group_id, permission_id) FROM stdin;
\.


--
-- Data for Name: auth_permission; Type: TABLE DATA; Schema: public; Owner: urbanstore_user
--

COPY public.auth_permission (id, name, content_type_id, codename) FROM stdin;
1	Can add Theme	1	add_theme
2	Can change Theme	1	change_theme
3	Can delete Theme	1	delete_theme
4	Can view Theme	1	view_theme
5	Can add log entry	2	add_logentry
6	Can change log entry	2	change_logentry
7	Can delete log entry	2	delete_logentry
8	Can view log entry	2	view_logentry
9	Can add permission	3	add_permission
10	Can change permission	3	change_permission
11	Can delete permission	3	delete_permission
12	Can view permission	3	view_permission
13	Can add group	4	add_group
14	Can change group	4	change_group
15	Can delete group	4	delete_group
16	Can view group	4	view_group
17	Can add user	5	add_user
18	Can change user	5	change_user
19	Can delete user	5	delete_user
20	Can view user	5	view_user
21	Can add content type	6	add_contenttype
22	Can change content type	6	change_contenttype
23	Can delete content type	6	delete_contenttype
24	Can view content type	6	view_contenttype
25	Can add session	7	add_session
26	Can change session	7	change_session
27	Can delete session	7	delete_session
28	Can view session	7	view_session
29	Can add contacto	8	add_contacto
30	Can change contacto	8	change_contacto
31	Can delete contacto	8	delete_contacto
32	Can view contacto	8	view_contacto
33	Can add marca	9	add_marca
34	Can change marca	9	change_marca
35	Can delete marca	9	delete_marca
36	Can view marca	9	view_marca
37	Can add se socio	10	add_sesocio
38	Can change se socio	10	change_sesocio
39	Can delete se socio	10	delete_sesocio
40	Can view se socio	10	view_sesocio
41	Can add trabaja con nosotros	11	add_trabajaconnosotros
42	Can change trabaja con nosotros	11	change_trabajaconnosotros
43	Can delete trabaja con nosotros	11	delete_trabajaconnosotros
44	Can view trabaja con nosotros	11	view_trabajaconnosotros
45	Can add envio	12	add_envio
46	Can change envio	12	change_envio
47	Can delete envio	12	delete_envio
48	Can view envio	12	view_envio
49	Can add complemento	13	add_complemento
50	Can change complemento	13	change_complemento
51	Can delete complemento	13	delete_complemento
52	Can view complemento	13	view_complemento
53	Can add piernas	14	add_piernas
54	Can change piernas	14	change_piernas
55	Can delete piernas	14	delete_piernas
56	Can view piernas	14	view_piernas
57	Can add tronco	15	add_tronco
58	Can change tronco	15	change_tronco
59	Can delete tronco	15	delete_tronco
60	Can view tronco	15	view_tronco
61	Can add zapatos	16	add_zapatos
62	Can change zapatos	16	change_zapatos
63	Can delete zapatos	16	delete_zapatos
64	Can view zapatos	16	view_zapatos
65	Can add preferencias usuario	17	add_preferenciasusuario
66	Can change preferencias usuario	17	change_preferenciasusuario
67	Can delete preferencias usuario	17	delete_preferenciasusuario
68	Can view preferencias usuario	17	view_preferenciasusuario
69	Can add group object permission	18	add_groupobjectpermission
70	Can change group object permission	18	change_groupobjectpermission
71	Can delete group object permission	18	delete_groupobjectpermission
72	Can view group object permission	18	view_groupobjectpermission
73	Can add user object permission	19	add_userobjectpermission
74	Can change user object permission	19	change_userobjectpermission
75	Can delete user object permission	19	delete_userobjectpermission
76	Can view user object permission	19	view_userobjectpermission
77	Can add tienda	20	add_tienda
78	Can change tienda	20	change_tienda
79	Can delete tienda	20	delete_tienda
80	Can view tienda	20	view_tienda
\.


--
-- Data for Name: auth_user; Type: TABLE DATA; Schema: public; Owner: urbanstore_user
--

COPY public.auth_user (id, password, last_login, is_superuser, username, first_name, last_name, email, is_staff, is_active, date_joined) FROM stdin;
6	!21wYVaWxjTEcQMJThtjIwPX3mRXXNBhmAiowfx0R	\N	f	AnonymousUser				f	t	2026-01-26 15:13:04.280322-03
2	pbkdf2_sha256$1000000$dOoP1PJiG84pNCdAvy4mTB$Iq7ojTTZzEg9/PqDdc4tfHh8PKKT8NTQpam+bgLq3ww=	2026-01-26 14:00:32.947285-03	t	admin			juan.lazoreyes@gmail.com	t	t	2025-11-03 01:05:13.918954-03
7	pbkdf2_sha256$600000$urbanstore$FB6b23+MUAan2e/3l1Jh++09o2fYJ7CEMfsZasCZNF4=	\N	f	alejandro.alvarez31	Alejandro	Alvarez	alejandro.alvarez31@example.com	f	t	2026-01-28 19:07:14.817988-03
8	pbkdf2_sha256$600000$urbanstore$FB6b23+MUAan2e/3l1Jh++09o2fYJ7CEMfsZasCZNF4=	\N	f	paula.alvarez88	Paula	Alvarez	paula.alvarez88@example.com	f	t	2026-01-28 19:07:14.817988-03
9	pbkdf2_sha256$600000$urbanstore$FB6b23+MUAan2e/3l1Jh++09o2fYJ7CEMfsZasCZNF4=	\N	f	rosa.vazquez74	Rosa	Vazquez	rosa.vazquez74@example.com	f	t	2026-01-28 19:07:14.817988-03
10	pbkdf2_sha256$600000$urbanstore$FB6b23+MUAan2e/3l1Jh++09o2fYJ7CEMfsZasCZNF4=	\N	f	juan.sanchez98	Juan	Sanchez	juan.sanchez98@example.com	f	t	2026-01-28 19:07:14.817988-03
11	pbkdf2_sha256$600000$urbanstore$FB6b23+MUAan2e/3l1Jh++09o2fYJ7CEMfsZasCZNF4=	\N	f	francisco.vazquez16	Francisco	Vazquez	francisco.vazquez16@example.com	f	t	2026-01-28 19:07:14.817988-03
12	pbkdf2_sha256$600000$urbanstore$FB6b23+MUAan2e/3l1Jh++09o2fYJ7CEMfsZasCZNF4=	\N	f	carlos.serrano54	Carlos	Serrano	carlos.serrano54@example.com	f	t	2026-01-28 19:07:14.817988-03
13	pbkdf2_sha256$600000$urbanstore$FB6b23+MUAan2e/3l1Jh++09o2fYJ7CEMfsZasCZNF4=	\N	f	clara.martin81	Clara	Martin	clara.martin81@example.com	f	t	2026-01-28 19:07:14.817988-03
14	pbkdf2_sha256$600000$urbanstore$FB6b23+MUAan2e/3l1Jh++09o2fYJ7CEMfsZasCZNF4=	\N	f	juan.alonso96	Juan	Alonso	juan.alonso96@example.com	f	t	2026-01-28 19:07:14.817988-03
15	pbkdf2_sha256$600000$urbanstore$FB6b23+MUAan2e/3l1Jh++09o2fYJ7CEMfsZasCZNF4=	\N	f	david.fernandez38	David	Fernandez	david.fernandez38@example.com	f	t	2026-01-28 19:07:14.817988-03
16	pbkdf2_sha256$600000$urbanstore$FB6b23+MUAan2e/3l1Jh++09o2fYJ7CEMfsZasCZNF4=	\N	f	carlos.sanchez93	Carlos	Sanchez	carlos.sanchez93@example.com	f	t	2026-01-28 19:07:14.817988-03
17	pbkdf2_sha256$600000$urbanstore$FB6b23+MUAan2e/3l1Jh++09o2fYJ7CEMfsZasCZNF4=	\N	f	patricia.jimenez94	Patricia	Jimenez	patricia.jimenez94@example.com	f	t	2026-01-28 19:07:14.817988-03
18	pbkdf2_sha256$600000$urbanstore$FB6b23+MUAan2e/3l1Jh++09o2fYJ7CEMfsZasCZNF4=	\N	f	rosa.torres96	Rosa	Torres	rosa.torres96@example.com	f	t	2026-01-28 19:07:14.817988-03
19	pbkdf2_sha256$600000$urbanstore$FB6b23+MUAan2e/3l1Jh++09o2fYJ7CEMfsZasCZNF4=	\N	f	juan.jimenez78	Juan	Jimenez	juan.jimenez78@example.com	f	t	2026-01-28 19:07:14.817988-03
20	pbkdf2_sha256$600000$urbanstore$FB6b23+MUAan2e/3l1Jh++09o2fYJ7CEMfsZasCZNF4=	\N	f	beatriz.alonso28	Beatriz	Alonso	beatriz.alonso28@example.com	f	t	2026-01-28 19:07:14.817988-03
21	pbkdf2_sha256$600000$urbanstore$FB6b23+MUAan2e/3l1Jh++09o2fYJ7CEMfsZasCZNF4=	\N	f	manuel.vazquez24	Manuel	Vazquez	manuel.vazquez24@example.com	f	t	2026-01-28 19:07:14.817988-03
22	pbkdf2_sha256$600000$urbanstore$FB6b23+MUAan2e/3l1Jh++09o2fYJ7CEMfsZasCZNF4=	\N	f	clara.sanchez65	Clara	Sanchez	clara.sanchez65@example.com	f	t	2026-01-28 19:07:14.817988-03
23	pbkdf2_sha256$600000$urbanstore$FB6b23+MUAan2e/3l1Jh++09o2fYJ7CEMfsZasCZNF4=	\N	f	javier.dominguez79	Javier	Dominguez	javier.dominguez79@example.com	f	t	2026-01-28 19:07:14.817988-03
24	pbkdf2_sha256$600000$urbanstore$FB6b23+MUAan2e/3l1Jh++09o2fYJ7CEMfsZasCZNF4=	\N	f	daniel.vazquez87	Daniel	Vazquez	daniel.vazquez87@example.com	f	t	2026-01-28 19:07:14.817988-03
25	pbkdf2_sha256$600000$urbanstore$FB6b23+MUAan2e/3l1Jh++09o2fYJ7CEMfsZasCZNF4=	\N	f	rosa.gonzalez55	Rosa	Gonzalez	rosa.gonzalez55@example.com	f	t	2026-01-28 19:07:14.817988-03
26	pbkdf2_sha256$600000$urbanstore$FB6b23+MUAan2e/3l1Jh++09o2fYJ7CEMfsZasCZNF4=	\N	f	julia.lopez45	Julia	Lopez	julia.lopez45@example.com	f	t	2026-01-28 19:07:14.817988-03
27	pbkdf2_sha256$600000$urbanstore$FB6b23+MUAan2e/3l1Jh++09o2fYJ7CEMfsZasCZNF4=	\N	f	ana.dominguez34	Ana	Dominguez	ana.dominguez34@example.com	f	t	2026-01-28 19:07:14.817988-03
28	pbkdf2_sha256$600000$urbanstore$FB6b23+MUAan2e/3l1Jh++09o2fYJ7CEMfsZasCZNF4=	\N	f	manuel.jimenez31	Manuel	Jimenez	manuel.jimenez31@example.com	f	t	2026-01-28 19:07:14.817988-03
29	pbkdf2_sha256$600000$urbanstore$FB6b23+MUAan2e/3l1Jh++09o2fYJ7CEMfsZasCZNF4=	\N	f	francisco.fernandez27	Francisco	Fernandez	francisco.fernandez27@example.com	f	t	2026-01-28 19:07:14.817988-03
30	pbkdf2_sha256$600000$urbanstore$FB6b23+MUAan2e/3l1Jh++09o2fYJ7CEMfsZasCZNF4=	\N	f	rosa.ramos59	Rosa	Ramos	rosa.ramos59@example.com	f	t	2026-01-28 19:07:14.817988-03
31	pbkdf2_sha256$600000$urbanstore$FB6b23+MUAan2e/3l1Jh++09o2fYJ7CEMfsZasCZNF4=	\N	f	sofia.sanchez59	Sofia	Sanchez	sofia.sanchez59@example.com	f	t	2026-01-28 19:07:14.817988-03
32	pbkdf2_sha256$600000$urbanstore$FB6b23+MUAan2e/3l1Jh++09o2fYJ7CEMfsZasCZNF4=	\N	f	jorge.hernandez54	Jorge	Hernandez	jorge.hernandez54@example.com	f	t	2026-01-28 19:07:14.817988-03
33	pbkdf2_sha256$600000$urbanstore$FB6b23+MUAan2e/3l1Jh++09o2fYJ7CEMfsZasCZNF4=	\N	f	carmen.perez32	Carmen	Perez	carmen.perez32@example.com	f	t	2026-01-28 19:07:14.817988-03
34	pbkdf2_sha256$600000$urbanstore$FB6b23+MUAan2e/3l1Jh++09o2fYJ7CEMfsZasCZNF4=	\N	f	luis.ramos91	Luis	Ramos	luis.ramos91@example.com	f	t	2026-01-28 19:07:14.817988-03
35	pbkdf2_sha256$600000$urbanstore$FB6b23+MUAan2e/3l1Jh++09o2fYJ7CEMfsZasCZNF4=	\N	f	paula.romero81	Paula	Romero	paula.romero81@example.com	f	t	2026-01-28 19:07:14.817988-03
36	pbkdf2_sha256$600000$urbanstore$FB6b23+MUAan2e/3l1Jh++09o2fYJ7CEMfsZasCZNF4=	\N	f	sofia.garcia14	Sofia	Garcia	sofia.garcia14@example.com	f	t	2026-01-28 19:07:14.817988-03
37	pbkdf2_sha256$600000$urbanstore$FB6b23+MUAan2e/3l1Jh++09o2fYJ7CEMfsZasCZNF4=	\N	f	isabel.molina31	Isabel	Molina	isabel.molina31@example.com	f	t	2026-01-28 19:07:14.817988-03
38	pbkdf2_sha256$600000$urbanstore$FB6b23+MUAan2e/3l1Jh++09o2fYJ7CEMfsZasCZNF4=	\N	f	paula.molina40	Paula	Molina	paula.molina40@example.com	f	t	2026-01-28 19:07:14.817988-03
39	pbkdf2_sha256$600000$urbanstore$FB6b23+MUAan2e/3l1Jh++09o2fYJ7CEMfsZasCZNF4=	\N	f	paula.torres52	Paula	Torres	paula.torres52@example.com	f	t	2026-01-28 19:07:14.817988-03
40	pbkdf2_sha256$600000$urbanstore$FB6b23+MUAan2e/3l1Jh++09o2fYJ7CEMfsZasCZNF4=	\N	f	paula.gil63	Paula	Gil	paula.gil63@example.com	f	t	2026-01-28 19:07:14.817988-03
41	pbkdf2_sha256$600000$urbanstore$FB6b23+MUAan2e/3l1Jh++09o2fYJ7CEMfsZasCZNF4=	\N	f	luis.ruiz91	Luis	Ruiz	luis.ruiz91@example.com	f	t	2026-01-28 19:07:14.817988-03
42	pbkdf2_sha256$600000$urbanstore$FB6b23+MUAan2e/3l1Jh++09o2fYJ7CEMfsZasCZNF4=	\N	f	manuel.martinez15	Manuel	Martinez	manuel.martinez15@example.com	f	t	2026-01-28 19:07:14.817988-03
43	pbkdf2_sha256$600000$urbanstore$FB6b23+MUAan2e/3l1Jh++09o2fYJ7CEMfsZasCZNF4=	\N	f	fernando.molina62	Fernando	Molina	fernando.molina62@example.com	f	t	2026-01-28 19:07:14.817988-03
44	pbkdf2_sha256$600000$urbanstore$FB6b23+MUAan2e/3l1Jh++09o2fYJ7CEMfsZasCZNF4=	\N	f	carmen.garcia86	Carmen	Garcia	carmen.garcia86@example.com	f	t	2026-01-28 19:07:14.817988-03
45	pbkdf2_sha256$600000$urbanstore$FB6b23+MUAan2e/3l1Jh++09o2fYJ7CEMfsZasCZNF4=	\N	f	juan.jimenez10	Juan	Jimenez	juan.jimenez10@example.com	f	t	2026-01-28 19:07:14.817988-03
46	pbkdf2_sha256$600000$urbanstore$FB6b23+MUAan2e/3l1Jh++09o2fYJ7CEMfsZasCZNF4=	\N	f	ana.gil13	Ana	Gil	ana.gil13@example.com	f	t	2026-01-28 19:07:14.817988-03
47	pbkdf2_sha256$600000$urbanstore$FB6b23+MUAan2e/3l1Jh++09o2fYJ7CEMfsZasCZNF4=	\N	f	lucia.sanchez52	Lucia	Sanchez	lucia.sanchez52@example.com	f	t	2026-01-28 19:07:14.817988-03
48	pbkdf2_sha256$600000$urbanstore$FB6b23+MUAan2e/3l1Jh++09o2fYJ7CEMfsZasCZNF4=	\N	f	patricia.torres83	Patricia	Torres	patricia.torres83@example.com	f	t	2026-01-28 19:07:14.817988-03
49	pbkdf2_sha256$600000$urbanstore$FB6b23+MUAan2e/3l1Jh++09o2fYJ7CEMfsZasCZNF4=	\N	f	lucia.gomez58	Lucia	Gomez	lucia.gomez58@example.com	f	t	2026-01-28 19:07:14.817988-03
50	pbkdf2_sha256$600000$urbanstore$FB6b23+MUAan2e/3l1Jh++09o2fYJ7CEMfsZasCZNF4=	\N	f	elena.rodriguez40	Elena	Rodriguez	elena.rodriguez40@example.com	f	t	2026-01-28 19:07:14.817988-03
51	pbkdf2_sha256$600000$urbanstore$FB6b23+MUAan2e/3l1Jh++09o2fYJ7CEMfsZasCZNF4=	\N	f	javier.garcia26	Javier	Garcia	javier.garcia26@example.com	f	t	2026-01-28 19:07:14.817988-03
52	pbkdf2_sha256$600000$urbanstore$FB6b23+MUAan2e/3l1Jh++09o2fYJ7CEMfsZasCZNF4=	\N	f	jose.blanco76	Jose	Blanco	jose.blanco76@example.com	f	t	2026-01-28 19:07:14.817988-03
53	pbkdf2_sha256$600000$urbanstore$FB6b23+MUAan2e/3l1Jh++09o2fYJ7CEMfsZasCZNF4=	\N	f	jose.gonzalez24	Jose	Gonzalez	jose.gonzalez24@example.com	f	t	2026-01-28 19:07:14.817988-03
54	pbkdf2_sha256$600000$urbanstore$FB6b23+MUAan2e/3l1Jh++09o2fYJ7CEMfsZasCZNF4=	\N	f	francisco.molina44	Francisco	Molina	francisco.molina44@example.com	f	t	2026-01-28 19:07:14.817988-03
55	pbkdf2_sha256$600000$urbanstore$FB6b23+MUAan2e/3l1Jh++09o2fYJ7CEMfsZasCZNF4=	\N	f	david.dominguez42	David	Dominguez	david.dominguez42@example.com	f	t	2026-01-28 19:07:14.817988-03
56	pbkdf2_sha256$600000$urbanstore$FB6b23+MUAan2e/3l1Jh++09o2fYJ7CEMfsZasCZNF4=	\N	f	isabel.diaz86	Isabel	Diaz	isabel.diaz86@example.com	f	t	2026-01-28 19:07:14.817988-03
57	pbkdf2_sha256$600000$urbanstore$FB6b23+MUAan2e/3l1Jh++09o2fYJ7CEMfsZasCZNF4=	\N	f	javier.gil81	Javier	Gil	javier.gil81@example.com	f	t	2026-01-28 19:07:14.817988-03
58	pbkdf2_sha256$600000$urbanstore$FB6b23+MUAan2e/3l1Jh++09o2fYJ7CEMfsZasCZNF4=	\N	f	isabel.martin43	Isabel	Martin	isabel.martin43@example.com	f	t	2026-01-28 19:07:14.817988-03
59	pbkdf2_sha256$600000$urbanstore$FB6b23+MUAan2e/3l1Jh++09o2fYJ7CEMfsZasCZNF4=	\N	f	sofia.gutierrez10	Sofia	Gutierrez	sofia.gutierrez10@example.com	f	t	2026-01-28 19:07:14.817988-03
60	pbkdf2_sha256$600000$urbanstore$FB6b23+MUAan2e/3l1Jh++09o2fYJ7CEMfsZasCZNF4=	\N	f	ana.alonso24	Ana	Alonso	ana.alonso24@example.com	f	t	2026-01-28 19:07:14.817988-03
61	pbkdf2_sha256$600000$urbanstore$FB6b23+MUAan2e/3l1Jh++09o2fYJ7CEMfsZasCZNF4=	\N	f	javier.lopez21	Javier	Lopez	javier.lopez21@example.com	f	t	2026-01-28 19:07:14.817988-03
62	pbkdf2_sha256$600000$urbanstore$FB6b23+MUAan2e/3l1Jh++09o2fYJ7CEMfsZasCZNF4=	\N	f	carmen.lopez12	Carmen	Lopez	carmen.lopez12@example.com	f	t	2026-01-28 19:07:14.817988-03
63	pbkdf2_sha256$600000$urbanstore$FB6b23+MUAan2e/3l1Jh++09o2fYJ7CEMfsZasCZNF4=	\N	f	paula.romero55	Paula	Romero	paula.romero55@example.com	f	t	2026-01-28 19:07:14.817988-03
64	pbkdf2_sha256$600000$urbanstore$FB6b23+MUAan2e/3l1Jh++09o2fYJ7CEMfsZasCZNF4=	\N	f	fernando.ramirez47	Fernando	Ramirez	fernando.ramirez47@example.com	f	t	2026-01-28 19:07:14.817988-03
65	pbkdf2_sha256$600000$urbanstore$FB6b23+MUAan2e/3l1Jh++09o2fYJ7CEMfsZasCZNF4=	\N	f	alejandro.ramirez15	Alejandro	Ramirez	alejandro.ramirez15@example.com	f	t	2026-01-28 19:07:14.817988-03
66	pbkdf2_sha256$600000$urbanstore$FB6b23+MUAan2e/3l1Jh++09o2fYJ7CEMfsZasCZNF4=	\N	f	daniel.martinez18	Daniel	Martinez	daniel.martinez18@example.com	f	t	2026-01-28 19:07:14.817988-03
67	pbkdf2_sha256$600000$urbanstore$FB6b23+MUAan2e/3l1Jh++09o2fYJ7CEMfsZasCZNF4=	\N	f	ana.moreno23	Ana	Moreno	ana.moreno23@example.com	f	t	2026-01-28 19:07:14.817988-03
68	pbkdf2_sha256$600000$urbanstore$FB6b23+MUAan2e/3l1Jh++09o2fYJ7CEMfsZasCZNF4=	\N	f	laura.moreno99	Laura	Moreno	laura.moreno99@example.com	f	t	2026-01-28 19:07:14.817988-03
69	pbkdf2_sha256$600000$urbanstore$FB6b23+MUAan2e/3l1Jh++09o2fYJ7CEMfsZasCZNF4=	\N	f	sofia.jimenez41	Sofia	Jimenez	sofia.jimenez41@example.com	f	t	2026-01-28 19:07:14.817988-03
70	pbkdf2_sha256$600000$urbanstore$FB6b23+MUAan2e/3l1Jh++09o2fYJ7CEMfsZasCZNF4=	\N	f	jose.garcia90	Jose	Garcia	jose.garcia90@example.com	f	t	2026-01-28 19:07:14.817988-03
71	pbkdf2_sha256$600000$urbanstore$FB6b23+MUAan2e/3l1Jh++09o2fYJ7CEMfsZasCZNF4=	\N	f	maria.alonso82	Maria	Alonso	maria.alonso82@example.com	f	t	2026-01-28 19:07:14.817988-03
72	pbkdf2_sha256$600000$urbanstore$FB6b23+MUAan2e/3l1Jh++09o2fYJ7CEMfsZasCZNF4=	\N	f	juan.ruiz69	Juan	Ruiz	juan.ruiz69@example.com	f	t	2026-01-28 19:07:14.817988-03
73	pbkdf2_sha256$600000$urbanstore$FB6b23+MUAan2e/3l1Jh++09o2fYJ7CEMfsZasCZNF4=	\N	f	francisco.martinez63	Francisco	Martinez	francisco.martinez63@example.com	f	t	2026-01-28 19:07:14.817988-03
74	pbkdf2_sha256$600000$urbanstore$FB6b23+MUAan2e/3l1Jh++09o2fYJ7CEMfsZasCZNF4=	\N	f	carlos.ruiz41	Carlos	Ruiz	carlos.ruiz41@example.com	f	t	2026-01-28 19:07:14.817988-03
75	pbkdf2_sha256$600000$urbanstore$FB6b23+MUAan2e/3l1Jh++09o2fYJ7CEMfsZasCZNF4=	\N	f	laura.garcia37	Laura	Garcia	laura.garcia37@example.com	f	t	2026-01-28 19:07:14.817988-03
76	pbkdf2_sha256$600000$urbanstore$FB6b23+MUAan2e/3l1Jh++09o2fYJ7CEMfsZasCZNF4=	\N	f	marta.moreno50	Marta	Moreno	marta.moreno50@example.com	f	t	2026-01-28 19:07:14.817988-03
77	pbkdf2_sha256$600000$urbanstore$FB6b23+MUAan2e/3l1Jh++09o2fYJ7CEMfsZasCZNF4=	\N	f	david.alonso49	David	Alonso	david.alonso49@example.com	f	t	2026-01-28 19:07:14.817988-03
78	pbkdf2_sha256$600000$urbanstore$FB6b23+MUAan2e/3l1Jh++09o2fYJ7CEMfsZasCZNF4=	\N	f	fernando.molina60	Fernando	Molina	fernando.molina60@example.com	f	t	2026-01-28 19:07:14.817988-03
79	pbkdf2_sha256$600000$urbanstore$FB6b23+MUAan2e/3l1Jh++09o2fYJ7CEMfsZasCZNF4=	\N	f	beatriz.gomez24	Beatriz	Gomez	beatriz.gomez24@example.com	f	t	2026-01-28 19:07:14.817988-03
80	pbkdf2_sha256$600000$urbanstore$FB6b23+MUAan2e/3l1Jh++09o2fYJ7CEMfsZasCZNF4=	\N	f	isabel.rodriguez74	Isabel	Rodriguez	isabel.rodriguez74@example.com	f	t	2026-01-28 19:07:14.817988-03
81	pbkdf2_sha256$600000$urbanstore$FB6b23+MUAan2e/3l1Jh++09o2fYJ7CEMfsZasCZNF4=	\N	f	carmen.vazquez83	Carmen	Vazquez	carmen.vazquez83@example.com	f	t	2026-01-28 19:07:14.817988-03
82	pbkdf2_sha256$600000$urbanstore$FB6b23+MUAan2e/3l1Jh++09o2fYJ7CEMfsZasCZNF4=	\N	f	juan.rodriguez82	Juan	Rodriguez	juan.rodriguez82@example.com	f	t	2026-01-28 19:07:14.817988-03
83	pbkdf2_sha256$600000$urbanstore$FB6b23+MUAan2e/3l1Jh++09o2fYJ7CEMfsZasCZNF4=	\N	f	laura.alvarez84	Laura	Alvarez	laura.alvarez84@example.com	f	t	2026-01-28 19:07:14.817988-03
84	pbkdf2_sha256$600000$urbanstore$FB6b23+MUAan2e/3l1Jh++09o2fYJ7CEMfsZasCZNF4=	\N	f	alejandro.muñoz97	Alejandro	Muñoz	alejandro.muñoz97@example.com	f	t	2026-01-28 19:07:14.817988-03
85	pbkdf2_sha256$600000$urbanstore$FB6b23+MUAan2e/3l1Jh++09o2fYJ7CEMfsZasCZNF4=	\N	f	fernando.dominguez87	Fernando	Dominguez	fernando.dominguez87@example.com	f	t	2026-01-28 19:07:14.817988-03
86	pbkdf2_sha256$600000$urbanstore$FB6b23+MUAan2e/3l1Jh++09o2fYJ7CEMfsZasCZNF4=	\N	f	juan.romero86	Juan	Romero	juan.romero86@example.com	f	t	2026-01-28 19:07:14.817988-03
87	pbkdf2_sha256$600000$urbanstore$FB6b23+MUAan2e/3l1Jh++09o2fYJ7CEMfsZasCZNF4=	\N	f	beatriz.torres77	Beatriz	Torres	beatriz.torres77@example.com	f	t	2026-01-28 19:07:14.817988-03
88	pbkdf2_sha256$600000$urbanstore$FB6b23+MUAan2e/3l1Jh++09o2fYJ7CEMfsZasCZNF4=	\N	f	clara.molina32	Clara	Molina	clara.molina32@example.com	f	t	2026-01-28 19:07:14.817988-03
89	pbkdf2_sha256$600000$urbanstore$FB6b23+MUAan2e/3l1Jh++09o2fYJ7CEMfsZasCZNF4=	\N	f	julia.moreno23	Julia	Moreno	julia.moreno23@example.com	f	t	2026-01-28 19:07:14.817988-03
90	pbkdf2_sha256$600000$urbanstore$FB6b23+MUAan2e/3l1Jh++09o2fYJ7CEMfsZasCZNF4=	\N	f	clara.muñoz18	Clara	Muñoz	clara.muñoz18@example.com	f	t	2026-01-28 19:07:14.817988-03
91	pbkdf2_sha256$600000$urbanstore$FB6b23+MUAan2e/3l1Jh++09o2fYJ7CEMfsZasCZNF4=	\N	f	luis.lopez27	Luis	Lopez	luis.lopez27@example.com	f	t	2026-01-28 19:07:14.817988-03
92	pbkdf2_sha256$600000$urbanstore$FB6b23+MUAan2e/3l1Jh++09o2fYJ7CEMfsZasCZNF4=	\N	f	antonio.muñoz75	Antonio	Muñoz	antonio.muñoz75@example.com	f	t	2026-01-28 19:07:14.817988-03
93	pbkdf2_sha256$600000$urbanstore$FB6b23+MUAan2e/3l1Jh++09o2fYJ7CEMfsZasCZNF4=	\N	f	jose.moreno84	Jose	Moreno	jose.moreno84@example.com	f	t	2026-01-28 19:07:14.817988-03
94	pbkdf2_sha256$600000$urbanstore$FB6b23+MUAan2e/3l1Jh++09o2fYJ7CEMfsZasCZNF4=	\N	f	lucia.serrano79	Lucia	Serrano	lucia.serrano79@example.com	f	t	2026-01-28 19:07:14.817988-03
95	pbkdf2_sha256$600000$urbanstore$FB6b23+MUAan2e/3l1Jh++09o2fYJ7CEMfsZasCZNF4=	\N	f	luis.hernandez41	Luis	Hernandez	luis.hernandez41@example.com	f	t	2026-01-28 19:07:14.817988-03
96	pbkdf2_sha256$600000$urbanstore$FB6b23+MUAan2e/3l1Jh++09o2fYJ7CEMfsZasCZNF4=	\N	f	julia.moreno11	Julia	Moreno	julia.moreno11@example.com	f	t	2026-01-28 19:07:14.817988-03
97	pbkdf2_sha256$600000$urbanstore$FB6b23+MUAan2e/3l1Jh++09o2fYJ7CEMfsZasCZNF4=	\N	f	jorge.gil47	Jorge	Gil	jorge.gil47@example.com	f	t	2026-01-28 19:07:14.817988-03
98	pbkdf2_sha256$600000$urbanstore$FB6b23+MUAan2e/3l1Jh++09o2fYJ7CEMfsZasCZNF4=	\N	f	sofia.alonso82	Sofia	Alonso	sofia.alonso82@example.com	f	t	2026-01-28 19:07:14.817988-03
99	pbkdf2_sha256$600000$urbanstore$FB6b23+MUAan2e/3l1Jh++09o2fYJ7CEMfsZasCZNF4=	\N	f	rosa.serrano41	Rosa	Serrano	rosa.serrano41@example.com	f	t	2026-01-28 19:07:14.817988-03
100	pbkdf2_sha256$600000$urbanstore$FB6b23+MUAan2e/3l1Jh++09o2fYJ7CEMfsZasCZNF4=	\N	f	francisco.diaz48	Francisco	Diaz	francisco.diaz48@example.com	f	t	2026-01-28 19:07:14.817988-03
101	pbkdf2_sha256$600000$urbanstore$FB6b23+MUAan2e/3l1Jh++09o2fYJ7CEMfsZasCZNF4=	\N	f	ana.martinez21	Ana	Martinez	ana.martinez21@example.com	f	t	2026-01-28 19:07:14.817988-03
102	pbkdf2_sha256$600000$urbanstore$FB6b23+MUAan2e/3l1Jh++09o2fYJ7CEMfsZasCZNF4=	\N	f	clara.garcia51	Clara	Garcia	clara.garcia51@example.com	f	t	2026-01-28 19:07:14.817988-03
103	pbkdf2_sha256$600000$urbanstore$FB6b23+MUAan2e/3l1Jh++09o2fYJ7CEMfsZasCZNF4=	\N	f	patricia.fernandez86	Patricia	Fernandez	patricia.fernandez86@example.com	f	t	2026-01-28 19:07:14.817988-03
104	pbkdf2_sha256$600000$urbanstore$FB6b23+MUAan2e/3l1Jh++09o2fYJ7CEMfsZasCZNF4=	\N	f	paula.romero98	Paula	Romero	paula.romero98@example.com	f	t	2026-01-28 19:07:14.817988-03
105	pbkdf2_sha256$600000$urbanstore$FB6b23+MUAan2e/3l1Jh++09o2fYJ7CEMfsZasCZNF4=	\N	f	manuel.alvarez89	Manuel	Alvarez	manuel.alvarez89@example.com	f	t	2026-01-28 19:07:14.817988-03
106	pbkdf2_sha256$600000$urbanstore$FB6b23+MUAan2e/3l1Jh++09o2fYJ7CEMfsZasCZNF4=	\N	f	patricia.romero86	Patricia	Romero	patricia.romero86@example.com	f	t	2026-01-28 19:07:14.817988-03
\.


--
-- Data for Name: auth_user_groups; Type: TABLE DATA; Schema: public; Owner: urbanstore_user
--

COPY public.auth_user_groups (id, user_id, group_id) FROM stdin;
\.


--
-- Data for Name: auth_user_user_permissions; Type: TABLE DATA; Schema: public; Owner: urbanstore_user
--

COPY public.auth_user_user_permissions (id, user_id, permission_id) FROM stdin;
\.


--
-- Data for Name: django_admin_log; Type: TABLE DATA; Schema: public; Owner: urbanstore_user
--

COPY public.django_admin_log (id, action_time, object_id, object_repr, action_flag, change_message, content_type_id, user_id) FROM stdin;
1	2026-01-26 00:49:03.121705-03	3	AnonymousUser	3		5	2
2	2026-01-26 00:49:24.085405-03	1	Juanmamam	2	[{"changed": {"fields": ["Staff status", "Superuser status", "User permissions"]}}]	5	2
3	2026-01-26 00:49:50.872726-03	1	Juanmamam	3		5	2
4	2026-01-26 00:50:42.209462-03	4	UsuarioII	1	[{"added": {}}]	5	2
5	2026-01-26 00:50:51.337768-03	4	UsuarioII	2	[{"changed": {"fields": ["Staff status", "Superuser status", "User permissions"]}}]	5	2
6	2026-01-26 13:52:19.270593-03	5	nike	3		9	2
7	2026-01-26 13:52:22.297861-03	4	tienda	3		9	2
8	2026-01-26 13:52:25.412687-03	3	marca	3		9	2
9	2026-01-26 13:52:29.123571-03	2	marca2	3		9	2
10	2026-01-26 13:52:32.598973-03	1	marcaa	3		9	2
\.


--
-- Data for Name: django_content_type; Type: TABLE DATA; Schema: public; Owner: urbanstore_user
--

COPY public.django_content_type (id, app_label, model) FROM stdin;
1	admin_interface	theme
2	admin	logentry
3	auth	permission
4	auth	group
5	auth	user
6	contenttypes	contenttype
7	sessions	session
8	app	contacto
9	app	marca
10	app	sesocio
11	app	trabajaconnosotros
12	app	envio
13	app	complemento
14	app	piernas
15	app	tronco
16	app	zapatos
17	app	preferenciasusuario
18	guardian	groupobjectpermission
19	guardian	userobjectpermission
20	app	tienda
\.


--
-- Data for Name: django_migrations; Type: TABLE DATA; Schema: public; Owner: urbanstore_user
--

COPY public.django_migrations (id, app, name, applied) FROM stdin;
1	contenttypes	0001_initial	2025-11-02 05:21:05.148202-03
2	auth	0001_initial	2025-11-02 05:21:05.190593-03
3	admin	0001_initial	2025-11-02 05:21:05.204669-03
4	admin	0002_logentry_remove_auto_add	2025-11-02 05:21:05.20914-03
5	admin	0003_logentry_add_action_flag_choices	2025-11-02 05:21:05.212867-03
6	admin_interface	0001_initial	2025-11-02 05:21:05.218121-03
7	admin_interface	0002_add_related_modal	2025-11-02 05:21:05.231449-03
8	admin_interface	0003_add_logo_color	2025-11-02 05:21:05.234978-03
9	admin_interface	0004_rename_title_color	2025-11-02 05:21:05.236986-03
10	admin_interface	0005_add_recent_actions_visible	2025-11-02 05:21:05.239401-03
11	admin_interface	0006_bytes_to_str	2025-11-02 05:21:05.27609-03
12	admin_interface	0007_add_favicon	2025-11-02 05:21:05.279114-03
13	admin_interface	0008_change_related_modal_background_opacity_type	2025-11-02 05:21:05.283432-03
14	admin_interface	0009_add_enviroment	2025-11-02 05:21:05.287732-03
15	admin_interface	0010_add_localization	2025-11-02 05:21:05.297062-03
16	admin_interface	0011_add_environment_options	2025-11-02 05:21:05.308109-03
17	admin_interface	0012_update_verbose_names	2025-11-02 05:21:05.311694-03
18	admin_interface	0013_add_related_modal_close_button	2025-11-02 05:21:05.314343-03
19	admin_interface	0014_name_unique	2025-11-02 05:21:05.319123-03
20	admin_interface	0015_add_language_chooser_active	2025-11-02 05:21:05.322243-03
21	admin_interface	0016_add_language_chooser_display	2025-11-02 05:21:05.324748-03
22	admin_interface	0017_change_list_filter_dropdown	2025-11-02 05:21:05.326833-03
23	admin_interface	0018_theme_list_filter_sticky	2025-11-02 05:21:05.329447-03
24	admin_interface	0019_add_form_sticky	2025-11-02 05:21:05.334912-03
25	admin_interface	0020_module_selected_colors	2025-11-02 05:21:05.34607-03
26	admin_interface	0021_file_extension_validator	2025-11-02 05:21:05.350471-03
27	admin_interface	0022_add_logo_max_width_and_height	2025-11-02 05:21:05.356074-03
28	admin_interface	0023_theme_foldable_apps	2025-11-02 05:21:05.358893-03
29	admin_interface	0024_remove_theme_css	2025-11-02 05:21:05.361348-03
30	admin_interface	0025_theme_language_chooser_control	2025-11-02 05:21:05.364406-03
31	admin_interface	0026_theme_list_filter_highlight	2025-11-02 05:21:05.367994-03
32	admin_interface	0027_theme_list_filter_removal_links	2025-11-02 05:21:05.370844-03
33	admin_interface	0028_theme_show_fieldsets_as_tabs_and_more	2025-11-02 05:21:05.37654-03
34	admin_interface	0029_theme_css_generic_link_active_color	2025-11-02 05:21:05.380983-03
35	admin_interface	0030_theme_collapsible_stacked_inlines_and_more	2025-11-02 05:21:05.391296-03
36	app	0001_initial	2025-11-02 05:21:05.445876-03
37	app	0002_preferenciasusuario	2025-11-02 05:21:05.456951-03
38	contenttypes	0002_remove_content_type_name	2025-11-02 05:21:05.472192-03
39	auth	0002_alter_permission_name_max_length	2025-11-02 05:21:05.477862-03
40	auth	0003_alter_user_email_max_length	2025-11-02 05:21:05.4832-03
41	auth	0004_alter_user_username_opts	2025-11-02 05:21:05.488086-03
42	auth	0005_alter_user_last_login_null	2025-11-02 05:21:05.493327-03
43	auth	0006_require_contenttypes_0002	2025-11-02 05:21:05.493846-03
44	auth	0007_alter_validators_add_error_messages	2025-11-02 05:21:05.498599-03
45	auth	0008_alter_user_username_max_length	2025-11-02 05:21:05.508014-03
46	auth	0009_alter_user_last_name_max_length	2025-11-02 05:21:05.513591-03
47	auth	0010_alter_group_name_max_length	2025-11-02 05:21:05.519705-03
48	auth	0011_update_proxy_permissions	2025-11-02 05:21:05.530011-03
49	auth	0012_alter_user_first_name_max_length	2025-11-02 05:21:05.536045-03
50	sessions	0001_initial	2025-11-02 05:21:05.545117-03
51	app	0003_tienda	2026-01-25 23:16:07.216462-03
52	guardian	0001_initial	2026-01-25 23:16:07.265671-03
53	guardian	0002_generic_permissions_index	2026-01-25 23:16:07.278874-03
54	guardian	0003_remove_groupobjectpermission_guardian_gr_content_ae6aec_idx_and_more	2026-01-25 23:16:07.318154-03
55	app	0004_marca_tienda_marca_usuario	2026-01-26 13:48:23.997589-03
56	app	0005_preferenciasusuario_tienda_asociada	2026-01-27 00:10:41.042794-03
57	app	0006_rename_tipo_complemento_subcategoria_and_more	2026-01-28 17:03:15.072223-03
\.


--
-- Data for Name: django_session; Type: TABLE DATA; Schema: public; Owner: urbanstore_user
--

COPY public.django_session (session_key, session_data, expire_date) FROM stdin;
z8e3fqoxkex7m3h85i3b1fzhmytcuiyv	.eJxVjEsKwjAUAO-StYQkfTXVpfueIby8j61KCk27Eu8ugS50OzPM2yTctyntVdY0s7maYE6_LCM9pTTBDyz3xdJStnXOtiX2sNWOC8vrdrR_gwnr1LYuRz0TdkBA6BAjKHcCQXEI1DnwHFmJ4zB4hSACRNojX7z4GPpsPl8HCzjg:1vlIR7:_guxZ2Ans08PCu2NCDxAQGvOy51P0SnDiecDq9C6WqM	2026-02-12 00:11:13.61397-03
mkpsibw8yf2hviwwq1lqezx62xy7nj9b	.eJxVjEsKwjAUAO-StYQkfTXVpfueIby8j61KCk27Eu8ugS50OzPM2yTctyntVdY0s7maYE6_LCM9pTTBDyz3xdJStnXOtiX2sNWOC8vrdrR_gwnr1LYuRz0TdkBA6BAjKHcCQXEI1DnwHFmJ4zB4hSACRNojX7z4GPpsPl8HCzjg:1vKrOY:BDN9dyICbt44LYs-wu0ppEyGEJzMcdlRZ6h44HIkE0Q	2025-12-01 02:03:18.520919-03
m5hf2wzqojte2ymot4v2uo77pvman144	.eJxVjEEOwiAQAP_C2RCgW6k9evcNZNldbLUpCdCT8e_apAe9zkzmpQJubQpblRJmVqNy6vTLItJT1l3wA9d71pTXVuao90QftupbZlmuR_s3mLBO-9ZEn86EHRAQGkQPiTsBl3Bw1Bmw7DkR-2GwCZwIEKUe-WLFetfH77TlhksgLGVuWY3m_QFBiD8x:1vRl5A:xhJGudYnNGnMxUb6bO0YCo8yxJ6wUamaxakNOFeJ7DE	2025-12-20 02:43:48.375442-03
\.


--
-- Data for Name: guardian_groupobjectpermission; Type: TABLE DATA; Schema: public; Owner: urbanstore_user
--

COPY public.guardian_groupobjectpermission (id, object_pk, content_type_id, group_id, permission_id) FROM stdin;
\.


--
-- Data for Name: guardian_userobjectpermission; Type: TABLE DATA; Schema: public; Owner: urbanstore_user
--

COPY public.guardian_userobjectpermission (id, object_pk, content_type_id, permission_id, user_id) FROM stdin;
\.


--
-- Name: admin_interface_theme_id_seq; Type: SEQUENCE SET; Schema: public; Owner: urbanstore_user
--

SELECT pg_catalog.setval('public.admin_interface_theme_id_seq', 1, true);


--
-- Name: app_complemento_id_seq; Type: SEQUENCE SET; Schema: public; Owner: urbanstore_user
--

SELECT pg_catalog.setval('public.app_complemento_id_seq', 1, false);


--
-- Name: app_contacto_id_seq; Type: SEQUENCE SET; Schema: public; Owner: urbanstore_user
--

SELECT pg_catalog.setval('public.app_contacto_id_seq', 1, false);


--
-- Name: app_envio_id_seq; Type: SEQUENCE SET; Schema: public; Owner: urbanstore_user
--

SELECT pg_catalog.setval('public.app_envio_id_seq', 1, false);


--
-- Name: app_marca_id_seq; Type: SEQUENCE SET; Schema: public; Owner: urbanstore_user
--

SELECT pg_catalog.setval('public.app_marca_id_seq', 26, true);


--
-- Name: app_piernas_id_seq; Type: SEQUENCE SET; Schema: public; Owner: urbanstore_user
--

SELECT pg_catalog.setval('public.app_piernas_id_seq', 1, false);


--
-- Name: app_preferenciasusuario_id_seq; Type: SEQUENCE SET; Schema: public; Owner: urbanstore_user
--

SELECT pg_catalog.setval('public.app_preferenciasusuario_id_seq', 3, true);


--
-- Name: app_sesocio_id_seq; Type: SEQUENCE SET; Schema: public; Owner: urbanstore_user
--

SELECT pg_catalog.setval('public.app_sesocio_id_seq', 1, false);


--
-- Name: app_tienda_id_seq; Type: SEQUENCE SET; Schema: public; Owner: urbanstore_user
--

SELECT pg_catalog.setval('public.app_tienda_id_seq', 7, true);


--
-- Name: app_trabajaconnosotros_id_seq; Type: SEQUENCE SET; Schema: public; Owner: urbanstore_user
--

SELECT pg_catalog.setval('public.app_trabajaconnosotros_id_seq', 1, false);


--
-- Name: app_tronco_id_seq; Type: SEQUENCE SET; Schema: public; Owner: urbanstore_user
--

SELECT pg_catalog.setval('public.app_tronco_id_seq', 1, true);


--
-- Name: app_zapatos_id_seq; Type: SEQUENCE SET; Schema: public; Owner: urbanstore_user
--

SELECT pg_catalog.setval('public.app_zapatos_id_seq', 1, false);


--
-- Name: auth_group_id_seq; Type: SEQUENCE SET; Schema: public; Owner: urbanstore_user
--

SELECT pg_catalog.setval('public.auth_group_id_seq', 1, false);


--
-- Name: auth_group_permissions_id_seq; Type: SEQUENCE SET; Schema: public; Owner: urbanstore_user
--

SELECT pg_catalog.setval('public.auth_group_permissions_id_seq', 1, false);


--
-- Name: auth_permission_id_seq; Type: SEQUENCE SET; Schema: public; Owner: urbanstore_user
--

SELECT pg_catalog.setval('public.auth_permission_id_seq', 80, true);


--
-- Name: auth_user_groups_id_seq; Type: SEQUENCE SET; Schema: public; Owner: urbanstore_user
--

SELECT pg_catalog.setval('public.auth_user_groups_id_seq', 1, false);


--
-- Name: auth_user_id_seq; Type: SEQUENCE SET; Schema: public; Owner: urbanstore_user
--

SELECT pg_catalog.setval('public.auth_user_id_seq', 106, true);


--
-- Name: auth_user_user_permissions_id_seq; Type: SEQUENCE SET; Schema: public; Owner: urbanstore_user
--

SELECT pg_catalog.setval('public.auth_user_user_permissions_id_seq', 160, true);


--
-- Name: django_admin_log_id_seq; Type: SEQUENCE SET; Schema: public; Owner: urbanstore_user
--

SELECT pg_catalog.setval('public.django_admin_log_id_seq', 10, true);


--
-- Name: django_content_type_id_seq; Type: SEQUENCE SET; Schema: public; Owner: urbanstore_user
--

SELECT pg_catalog.setval('public.django_content_type_id_seq', 20, true);


--
-- Name: django_migrations_id_seq; Type: SEQUENCE SET; Schema: public; Owner: urbanstore_user
--

SELECT pg_catalog.setval('public.django_migrations_id_seq', 57, true);


--
-- Name: guardian_groupobjectpermission_id_seq; Type: SEQUENCE SET; Schema: public; Owner: urbanstore_user
--

SELECT pg_catalog.setval('public.guardian_groupobjectpermission_id_seq', 1, false);


--
-- Name: guardian_userobjectpermission_id_seq; Type: SEQUENCE SET; Schema: public; Owner: urbanstore_user
--

SELECT pg_catalog.setval('public.guardian_userobjectpermission_id_seq', 1, false);


--
-- Name: admin_interface_theme admin_interface_theme_name_30bda70f_uniq; Type: CONSTRAINT; Schema: public; Owner: urbanstore_user
--

ALTER TABLE ONLY public.admin_interface_theme
    ADD CONSTRAINT admin_interface_theme_name_30bda70f_uniq UNIQUE (name);


--
-- Name: admin_interface_theme admin_interface_theme_pkey; Type: CONSTRAINT; Schema: public; Owner: urbanstore_user
--

ALTER TABLE ONLY public.admin_interface_theme
    ADD CONSTRAINT admin_interface_theme_pkey PRIMARY KEY (id);


--
-- Name: app_complemento app_complemento_pkey; Type: CONSTRAINT; Schema: public; Owner: urbanstore_user
--

ALTER TABLE ONLY public.app_complemento
    ADD CONSTRAINT app_complemento_pkey PRIMARY KEY (id);


--
-- Name: app_contacto app_contacto_pkey; Type: CONSTRAINT; Schema: public; Owner: urbanstore_user
--

ALTER TABLE ONLY public.app_contacto
    ADD CONSTRAINT app_contacto_pkey PRIMARY KEY (id);


--
-- Name: app_envio app_envio_pkey; Type: CONSTRAINT; Schema: public; Owner: urbanstore_user
--

ALTER TABLE ONLY public.app_envio
    ADD CONSTRAINT app_envio_pkey PRIMARY KEY (id);


--
-- Name: app_marca app_marca_pkey; Type: CONSTRAINT; Schema: public; Owner: urbanstore_user
--

ALTER TABLE ONLY public.app_marca
    ADD CONSTRAINT app_marca_pkey PRIMARY KEY (id);


--
-- Name: app_piernas app_piernas_pkey; Type: CONSTRAINT; Schema: public; Owner: urbanstore_user
--

ALTER TABLE ONLY public.app_piernas
    ADD CONSTRAINT app_piernas_pkey PRIMARY KEY (id);


--
-- Name: app_preferenciasusuario app_preferenciasusuario_pkey; Type: CONSTRAINT; Schema: public; Owner: urbanstore_user
--

ALTER TABLE ONLY public.app_preferenciasusuario
    ADD CONSTRAINT app_preferenciasusuario_pkey PRIMARY KEY (id);


--
-- Name: app_preferenciasusuario app_preferenciasusuario_user_id_key; Type: CONSTRAINT; Schema: public; Owner: urbanstore_user
--

ALTER TABLE ONLY public.app_preferenciasusuario
    ADD CONSTRAINT app_preferenciasusuario_user_id_key UNIQUE (user_id);


--
-- Name: app_sesocio app_sesocio_pkey; Type: CONSTRAINT; Schema: public; Owner: urbanstore_user
--

ALTER TABLE ONLY public.app_sesocio
    ADD CONSTRAINT app_sesocio_pkey PRIMARY KEY (id);


--
-- Name: app_tienda app_tienda_pkey; Type: CONSTRAINT; Schema: public; Owner: urbanstore_user
--

ALTER TABLE ONLY public.app_tienda
    ADD CONSTRAINT app_tienda_pkey PRIMARY KEY (id);


--
-- Name: app_trabajaconnosotros app_trabajaconnosotros_pkey; Type: CONSTRAINT; Schema: public; Owner: urbanstore_user
--

ALTER TABLE ONLY public.app_trabajaconnosotros
    ADD CONSTRAINT app_trabajaconnosotros_pkey PRIMARY KEY (id);


--
-- Name: app_tronco app_tronco_pkey; Type: CONSTRAINT; Schema: public; Owner: urbanstore_user
--

ALTER TABLE ONLY public.app_tronco
    ADD CONSTRAINT app_tronco_pkey PRIMARY KEY (id);


--
-- Name: app_zapatos app_zapatos_pkey; Type: CONSTRAINT; Schema: public; Owner: urbanstore_user
--

ALTER TABLE ONLY public.app_zapatos
    ADD CONSTRAINT app_zapatos_pkey PRIMARY KEY (id);


--
-- Name: auth_group auth_group_name_key; Type: CONSTRAINT; Schema: public; Owner: urbanstore_user
--

ALTER TABLE ONLY public.auth_group
    ADD CONSTRAINT auth_group_name_key UNIQUE (name);


--
-- Name: auth_group_permissions auth_group_permissions_group_id_permission_id_0cd325b0_uniq; Type: CONSTRAINT; Schema: public; Owner: urbanstore_user
--

ALTER TABLE ONLY public.auth_group_permissions
    ADD CONSTRAINT auth_group_permissions_group_id_permission_id_0cd325b0_uniq UNIQUE (group_id, permission_id);


--
-- Name: auth_group_permissions auth_group_permissions_pkey; Type: CONSTRAINT; Schema: public; Owner: urbanstore_user
--

ALTER TABLE ONLY public.auth_group_permissions
    ADD CONSTRAINT auth_group_permissions_pkey PRIMARY KEY (id);


--
-- Name: auth_group auth_group_pkey; Type: CONSTRAINT; Schema: public; Owner: urbanstore_user
--

ALTER TABLE ONLY public.auth_group
    ADD CONSTRAINT auth_group_pkey PRIMARY KEY (id);


--
-- Name: auth_permission auth_permission_content_type_id_codename_01ab375a_uniq; Type: CONSTRAINT; Schema: public; Owner: urbanstore_user
--

ALTER TABLE ONLY public.auth_permission
    ADD CONSTRAINT auth_permission_content_type_id_codename_01ab375a_uniq UNIQUE (content_type_id, codename);


--
-- Name: auth_permission auth_permission_pkey; Type: CONSTRAINT; Schema: public; Owner: urbanstore_user
--

ALTER TABLE ONLY public.auth_permission
    ADD CONSTRAINT auth_permission_pkey PRIMARY KEY (id);


--
-- Name: auth_user_groups auth_user_groups_pkey; Type: CONSTRAINT; Schema: public; Owner: urbanstore_user
--

ALTER TABLE ONLY public.auth_user_groups
    ADD CONSTRAINT auth_user_groups_pkey PRIMARY KEY (id);


--
-- Name: auth_user_groups auth_user_groups_user_id_group_id_94350c0c_uniq; Type: CONSTRAINT; Schema: public; Owner: urbanstore_user
--

ALTER TABLE ONLY public.auth_user_groups
    ADD CONSTRAINT auth_user_groups_user_id_group_id_94350c0c_uniq UNIQUE (user_id, group_id);


--
-- Name: auth_user auth_user_pkey; Type: CONSTRAINT; Schema: public; Owner: urbanstore_user
--

ALTER TABLE ONLY public.auth_user
    ADD CONSTRAINT auth_user_pkey PRIMARY KEY (id);


--
-- Name: auth_user_user_permissions auth_user_user_permissions_pkey; Type: CONSTRAINT; Schema: public; Owner: urbanstore_user
--

ALTER TABLE ONLY public.auth_user_user_permissions
    ADD CONSTRAINT auth_user_user_permissions_pkey PRIMARY KEY (id);


--
-- Name: auth_user_user_permissions auth_user_user_permissions_user_id_permission_id_14a6b632_uniq; Type: CONSTRAINT; Schema: public; Owner: urbanstore_user
--

ALTER TABLE ONLY public.auth_user_user_permissions
    ADD CONSTRAINT auth_user_user_permissions_user_id_permission_id_14a6b632_uniq UNIQUE (user_id, permission_id);


--
-- Name: auth_user auth_user_username_key; Type: CONSTRAINT; Schema: public; Owner: urbanstore_user
--

ALTER TABLE ONLY public.auth_user
    ADD CONSTRAINT auth_user_username_key UNIQUE (username);


--
-- Name: django_admin_log django_admin_log_pkey; Type: CONSTRAINT; Schema: public; Owner: urbanstore_user
--

ALTER TABLE ONLY public.django_admin_log
    ADD CONSTRAINT django_admin_log_pkey PRIMARY KEY (id);


--
-- Name: django_content_type django_content_type_app_label_model_76bd3d3b_uniq; Type: CONSTRAINT; Schema: public; Owner: urbanstore_user
--

ALTER TABLE ONLY public.django_content_type
    ADD CONSTRAINT django_content_type_app_label_model_76bd3d3b_uniq UNIQUE (app_label, model);


--
-- Name: django_content_type django_content_type_pkey; Type: CONSTRAINT; Schema: public; Owner: urbanstore_user
--

ALTER TABLE ONLY public.django_content_type
    ADD CONSTRAINT django_content_type_pkey PRIMARY KEY (id);


--
-- Name: django_migrations django_migrations_pkey; Type: CONSTRAINT; Schema: public; Owner: urbanstore_user
--

ALTER TABLE ONLY public.django_migrations
    ADD CONSTRAINT django_migrations_pkey PRIMARY KEY (id);


--
-- Name: django_session django_session_pkey; Type: CONSTRAINT; Schema: public; Owner: urbanstore_user
--

ALTER TABLE ONLY public.django_session
    ADD CONSTRAINT django_session_pkey PRIMARY KEY (session_key);


--
-- Name: guardian_groupobjectpermission guardian_groupobjectperm_group_id_permission_id_o_3f189f7c_uniq; Type: CONSTRAINT; Schema: public; Owner: urbanstore_user
--

ALTER TABLE ONLY public.guardian_groupobjectpermission
    ADD CONSTRAINT guardian_groupobjectperm_group_id_permission_id_o_3f189f7c_uniq UNIQUE (group_id, permission_id, object_pk);


--
-- Name: guardian_groupobjectpermission guardian_groupobjectpermission_pkey; Type: CONSTRAINT; Schema: public; Owner: urbanstore_user
--

ALTER TABLE ONLY public.guardian_groupobjectpermission
    ADD CONSTRAINT guardian_groupobjectpermission_pkey PRIMARY KEY (id);


--
-- Name: guardian_userobjectpermission guardian_userobjectpermi_user_id_permission_id_ob_b0b3d2fc_uniq; Type: CONSTRAINT; Schema: public; Owner: urbanstore_user
--

ALTER TABLE ONLY public.guardian_userobjectpermission
    ADD CONSTRAINT guardian_userobjectpermi_user_id_permission_id_ob_b0b3d2fc_uniq UNIQUE (user_id, permission_id, object_pk);


--
-- Name: guardian_userobjectpermission guardian_userobjectpermission_pkey; Type: CONSTRAINT; Schema: public; Owner: urbanstore_user
--

ALTER TABLE ONLY public.guardian_userobjectpermission
    ADD CONSTRAINT guardian_userobjectpermission_pkey PRIMARY KEY (id);


--
-- Name: admin_interface_theme_name_30bda70f_like; Type: INDEX; Schema: public; Owner: urbanstore_user
--

CREATE INDEX admin_interface_theme_name_30bda70f_like ON public.admin_interface_theme USING btree (name varchar_pattern_ops);


--
-- Name: app_complemento_marca_id_ee7695fa; Type: INDEX; Schema: public; Owner: urbanstore_user
--

CREATE INDEX app_complemento_marca_id_ee7695fa ON public.app_complemento USING btree (marca_id);


--
-- Name: app_complemento_usuario_id_6eab7c6a; Type: INDEX; Schema: public; Owner: urbanstore_user
--

CREATE INDEX app_complemento_usuario_id_6eab7c6a ON public.app_complemento USING btree (usuario_id);


--
-- Name: app_envio_usuario_id_0c04d859; Type: INDEX; Schema: public; Owner: urbanstore_user
--

CREATE INDEX app_envio_usuario_id_0c04d859 ON public.app_envio USING btree (usuario_id);


--
-- Name: app_marca_tienda_id_265ff501; Type: INDEX; Schema: public; Owner: urbanstore_user
--

CREATE INDEX app_marca_tienda_id_265ff501 ON public.app_marca USING btree (tienda_id);


--
-- Name: app_marca_usuario_id_d7d97e67; Type: INDEX; Schema: public; Owner: urbanstore_user
--

CREATE INDEX app_marca_usuario_id_d7d97e67 ON public.app_marca USING btree (usuario_id);


--
-- Name: app_piernas_marca_id_006f8627; Type: INDEX; Schema: public; Owner: urbanstore_user
--

CREATE INDEX app_piernas_marca_id_006f8627 ON public.app_piernas USING btree (marca_id);


--
-- Name: app_piernas_usuario_id_a4330fb0; Type: INDEX; Schema: public; Owner: urbanstore_user
--

CREATE INDEX app_piernas_usuario_id_a4330fb0 ON public.app_piernas USING btree (usuario_id);


--
-- Name: app_preferenciasusuario_tienda_asociada_id_7aad52e4; Type: INDEX; Schema: public; Owner: urbanstore_user
--

CREATE INDEX app_preferenciasusuario_tienda_asociada_id_7aad52e4 ON public.app_preferenciasusuario USING btree (tienda_asociada_id);


--
-- Name: app_tronco_marca_id_809741f1; Type: INDEX; Schema: public; Owner: urbanstore_user
--

CREATE INDEX app_tronco_marca_id_809741f1 ON public.app_tronco USING btree (marca_id);


--
-- Name: app_tronco_usuario_id_79d32584; Type: INDEX; Schema: public; Owner: urbanstore_user
--

CREATE INDEX app_tronco_usuario_id_79d32584 ON public.app_tronco USING btree (usuario_id);


--
-- Name: app_zapatos_marca_id_5b656c0d; Type: INDEX; Schema: public; Owner: urbanstore_user
--

CREATE INDEX app_zapatos_marca_id_5b656c0d ON public.app_zapatos USING btree (marca_id);


--
-- Name: app_zapatos_usuario_id_25ded5e2; Type: INDEX; Schema: public; Owner: urbanstore_user
--

CREATE INDEX app_zapatos_usuario_id_25ded5e2 ON public.app_zapatos USING btree (usuario_id);


--
-- Name: auth_group_name_a6ea08ec_like; Type: INDEX; Schema: public; Owner: urbanstore_user
--

CREATE INDEX auth_group_name_a6ea08ec_like ON public.auth_group USING btree (name varchar_pattern_ops);


--
-- Name: auth_group_permissions_group_id_b120cbf9; Type: INDEX; Schema: public; Owner: urbanstore_user
--

CREATE INDEX auth_group_permissions_group_id_b120cbf9 ON public.auth_group_permissions USING btree (group_id);


--
-- Name: auth_group_permissions_permission_id_84c5c92e; Type: INDEX; Schema: public; Owner: urbanstore_user
--

CREATE INDEX auth_group_permissions_permission_id_84c5c92e ON public.auth_group_permissions USING btree (permission_id);


--
-- Name: auth_permission_content_type_id_2f476e4b; Type: INDEX; Schema: public; Owner: urbanstore_user
--

CREATE INDEX auth_permission_content_type_id_2f476e4b ON public.auth_permission USING btree (content_type_id);


--
-- Name: auth_user_groups_group_id_97559544; Type: INDEX; Schema: public; Owner: urbanstore_user
--

CREATE INDEX auth_user_groups_group_id_97559544 ON public.auth_user_groups USING btree (group_id);


--
-- Name: auth_user_groups_user_id_6a12ed8b; Type: INDEX; Schema: public; Owner: urbanstore_user
--

CREATE INDEX auth_user_groups_user_id_6a12ed8b ON public.auth_user_groups USING btree (user_id);


--
-- Name: auth_user_user_permissions_permission_id_1fbb5f2c; Type: INDEX; Schema: public; Owner: urbanstore_user
--

CREATE INDEX auth_user_user_permissions_permission_id_1fbb5f2c ON public.auth_user_user_permissions USING btree (permission_id);


--
-- Name: auth_user_user_permissions_user_id_a95ead1b; Type: INDEX; Schema: public; Owner: urbanstore_user
--

CREATE INDEX auth_user_user_permissions_user_id_a95ead1b ON public.auth_user_user_permissions USING btree (user_id);


--
-- Name: auth_user_username_6821ab7c_like; Type: INDEX; Schema: public; Owner: urbanstore_user
--

CREATE INDEX auth_user_username_6821ab7c_like ON public.auth_user USING btree (username varchar_pattern_ops);


--
-- Name: django_admin_log_content_type_id_c4bce8eb; Type: INDEX; Schema: public; Owner: urbanstore_user
--

CREATE INDEX django_admin_log_content_type_id_c4bce8eb ON public.django_admin_log USING btree (content_type_id);


--
-- Name: django_admin_log_user_id_c564eba6; Type: INDEX; Schema: public; Owner: urbanstore_user
--

CREATE INDEX django_admin_log_user_id_c564eba6 ON public.django_admin_log USING btree (user_id);


--
-- Name: django_session_expire_date_a5c62663; Type: INDEX; Schema: public; Owner: urbanstore_user
--

CREATE INDEX django_session_expire_date_a5c62663 ON public.django_session USING btree (expire_date);


--
-- Name: django_session_session_key_c0390e0f_like; Type: INDEX; Schema: public; Owner: urbanstore_user
--

CREATE INDEX django_session_session_key_c0390e0f_like ON public.django_session USING btree (session_key varchar_pattern_ops);


--
-- Name: guardian_gr_group_i_9e7d12_idx; Type: INDEX; Schema: public; Owner: urbanstore_user
--

CREATE INDEX guardian_gr_group_i_9e7d12_idx ON public.guardian_groupobjectpermission USING btree (group_id, content_type_id, object_pk);


--
-- Name: guardian_gr_permiss_83545c_idx; Type: INDEX; Schema: public; Owner: urbanstore_user
--

CREATE INDEX guardian_gr_permiss_83545c_idx ON public.guardian_groupobjectpermission USING btree (permission_id, group_id, content_type_id, object_pk);


--
-- Name: guardian_groupobjectpermission_content_type_id_7ade36b8; Type: INDEX; Schema: public; Owner: urbanstore_user
--

CREATE INDEX guardian_groupobjectpermission_content_type_id_7ade36b8 ON public.guardian_groupobjectpermission USING btree (content_type_id);


--
-- Name: guardian_groupobjectpermission_group_id_4bbbfb62; Type: INDEX; Schema: public; Owner: urbanstore_user
--

CREATE INDEX guardian_groupobjectpermission_group_id_4bbbfb62 ON public.guardian_groupobjectpermission USING btree (group_id);


--
-- Name: guardian_groupobjectpermission_permission_id_36572738; Type: INDEX; Schema: public; Owner: urbanstore_user
--

CREATE INDEX guardian_groupobjectpermission_permission_id_36572738 ON public.guardian_groupobjectpermission USING btree (permission_id);


--
-- Name: guardian_us_permiss_e5749c_idx; Type: INDEX; Schema: public; Owner: urbanstore_user
--

CREATE INDEX guardian_us_permiss_e5749c_idx ON public.guardian_userobjectpermission USING btree (permission_id, user_id, content_type_id, object_pk);


--
-- Name: guardian_us_user_id_8eae14_idx; Type: INDEX; Schema: public; Owner: urbanstore_user
--

CREATE INDEX guardian_us_user_id_8eae14_idx ON public.guardian_userobjectpermission USING btree (user_id, content_type_id, object_pk);


--
-- Name: guardian_userobjectpermission_content_type_id_2e892405; Type: INDEX; Schema: public; Owner: urbanstore_user
--

CREATE INDEX guardian_userobjectpermission_content_type_id_2e892405 ON public.guardian_userobjectpermission USING btree (content_type_id);


--
-- Name: guardian_userobjectpermission_permission_id_71807bfc; Type: INDEX; Schema: public; Owner: urbanstore_user
--

CREATE INDEX guardian_userobjectpermission_permission_id_71807bfc ON public.guardian_userobjectpermission USING btree (permission_id);


--
-- Name: guardian_userobjectpermission_user_id_d5c1e964; Type: INDEX; Schema: public; Owner: urbanstore_user
--

CREATE INDEX guardian_userobjectpermission_user_id_d5c1e964 ON public.guardian_userobjectpermission USING btree (user_id);


--
-- Name: app_complemento app_complemento_marca_id_ee7695fa_fk_app_marca_id; Type: FK CONSTRAINT; Schema: public; Owner: urbanstore_user
--

ALTER TABLE ONLY public.app_complemento
    ADD CONSTRAINT app_complemento_marca_id_ee7695fa_fk_app_marca_id FOREIGN KEY (marca_id) REFERENCES public.app_marca(id) DEFERRABLE INITIALLY DEFERRED;


--
-- Name: app_complemento app_complemento_usuario_id_6eab7c6a_fk_auth_user_id; Type: FK CONSTRAINT; Schema: public; Owner: urbanstore_user
--

ALTER TABLE ONLY public.app_complemento
    ADD CONSTRAINT app_complemento_usuario_id_6eab7c6a_fk_auth_user_id FOREIGN KEY (usuario_id) REFERENCES public.auth_user(id) DEFERRABLE INITIALLY DEFERRED;


--
-- Name: app_envio app_envio_usuario_id_0c04d859_fk_auth_user_id; Type: FK CONSTRAINT; Schema: public; Owner: urbanstore_user
--

ALTER TABLE ONLY public.app_envio
    ADD CONSTRAINT app_envio_usuario_id_0c04d859_fk_auth_user_id FOREIGN KEY (usuario_id) REFERENCES public.auth_user(id) DEFERRABLE INITIALLY DEFERRED;


--
-- Name: app_marca app_marca_tienda_id_265ff501_fk_app_tienda_id; Type: FK CONSTRAINT; Schema: public; Owner: urbanstore_user
--

ALTER TABLE ONLY public.app_marca
    ADD CONSTRAINT app_marca_tienda_id_265ff501_fk_app_tienda_id FOREIGN KEY (tienda_id) REFERENCES public.app_tienda(id) DEFERRABLE INITIALLY DEFERRED;


--
-- Name: app_marca app_marca_usuario_id_d7d97e67_fk_auth_user_id; Type: FK CONSTRAINT; Schema: public; Owner: urbanstore_user
--

ALTER TABLE ONLY public.app_marca
    ADD CONSTRAINT app_marca_usuario_id_d7d97e67_fk_auth_user_id FOREIGN KEY (usuario_id) REFERENCES public.auth_user(id) DEFERRABLE INITIALLY DEFERRED;


--
-- Name: app_piernas app_piernas_marca_id_006f8627_fk_app_marca_id; Type: FK CONSTRAINT; Schema: public; Owner: urbanstore_user
--

ALTER TABLE ONLY public.app_piernas
    ADD CONSTRAINT app_piernas_marca_id_006f8627_fk_app_marca_id FOREIGN KEY (marca_id) REFERENCES public.app_marca(id) DEFERRABLE INITIALLY DEFERRED;


--
-- Name: app_piernas app_piernas_usuario_id_a4330fb0_fk_auth_user_id; Type: FK CONSTRAINT; Schema: public; Owner: urbanstore_user
--

ALTER TABLE ONLY public.app_piernas
    ADD CONSTRAINT app_piernas_usuario_id_a4330fb0_fk_auth_user_id FOREIGN KEY (usuario_id) REFERENCES public.auth_user(id) DEFERRABLE INITIALLY DEFERRED;


--
-- Name: app_preferenciasusuario app_preferenciasusua_tienda_asociada_id_7aad52e4_fk_app_tiend; Type: FK CONSTRAINT; Schema: public; Owner: urbanstore_user
--

ALTER TABLE ONLY public.app_preferenciasusuario
    ADD CONSTRAINT app_preferenciasusua_tienda_asociada_id_7aad52e4_fk_app_tiend FOREIGN KEY (tienda_asociada_id) REFERENCES public.app_tienda(id) DEFERRABLE INITIALLY DEFERRED;


--
-- Name: app_preferenciasusuario app_preferenciasusuario_user_id_0fae391d_fk_auth_user_id; Type: FK CONSTRAINT; Schema: public; Owner: urbanstore_user
--

ALTER TABLE ONLY public.app_preferenciasusuario
    ADD CONSTRAINT app_preferenciasusuario_user_id_0fae391d_fk_auth_user_id FOREIGN KEY (user_id) REFERENCES public.auth_user(id) DEFERRABLE INITIALLY DEFERRED;


--
-- Name: app_tronco app_tronco_marca_id_809741f1_fk_app_marca_id; Type: FK CONSTRAINT; Schema: public; Owner: urbanstore_user
--

ALTER TABLE ONLY public.app_tronco
    ADD CONSTRAINT app_tronco_marca_id_809741f1_fk_app_marca_id FOREIGN KEY (marca_id) REFERENCES public.app_marca(id) DEFERRABLE INITIALLY DEFERRED;


--
-- Name: app_tronco app_tronco_usuario_id_79d32584_fk_auth_user_id; Type: FK CONSTRAINT; Schema: public; Owner: urbanstore_user
--

ALTER TABLE ONLY public.app_tronco
    ADD CONSTRAINT app_tronco_usuario_id_79d32584_fk_auth_user_id FOREIGN KEY (usuario_id) REFERENCES public.auth_user(id) DEFERRABLE INITIALLY DEFERRED;


--
-- Name: app_zapatos app_zapatos_marca_id_5b656c0d_fk_app_marca_id; Type: FK CONSTRAINT; Schema: public; Owner: urbanstore_user
--

ALTER TABLE ONLY public.app_zapatos
    ADD CONSTRAINT app_zapatos_marca_id_5b656c0d_fk_app_marca_id FOREIGN KEY (marca_id) REFERENCES public.app_marca(id) DEFERRABLE INITIALLY DEFERRED;


--
-- Name: app_zapatos app_zapatos_usuario_id_25ded5e2_fk_auth_user_id; Type: FK CONSTRAINT; Schema: public; Owner: urbanstore_user
--

ALTER TABLE ONLY public.app_zapatos
    ADD CONSTRAINT app_zapatos_usuario_id_25ded5e2_fk_auth_user_id FOREIGN KEY (usuario_id) REFERENCES public.auth_user(id) DEFERRABLE INITIALLY DEFERRED;


--
-- Name: auth_group_permissions auth_group_permissio_permission_id_84c5c92e_fk_auth_perm; Type: FK CONSTRAINT; Schema: public; Owner: urbanstore_user
--

ALTER TABLE ONLY public.auth_group_permissions
    ADD CONSTRAINT auth_group_permissio_permission_id_84c5c92e_fk_auth_perm FOREIGN KEY (permission_id) REFERENCES public.auth_permission(id) DEFERRABLE INITIALLY DEFERRED;


--
-- Name: auth_group_permissions auth_group_permissions_group_id_b120cbf9_fk_auth_group_id; Type: FK CONSTRAINT; Schema: public; Owner: urbanstore_user
--

ALTER TABLE ONLY public.auth_group_permissions
    ADD CONSTRAINT auth_group_permissions_group_id_b120cbf9_fk_auth_group_id FOREIGN KEY (group_id) REFERENCES public.auth_group(id) DEFERRABLE INITIALLY DEFERRED;


--
-- Name: auth_permission auth_permission_content_type_id_2f476e4b_fk_django_co; Type: FK CONSTRAINT; Schema: public; Owner: urbanstore_user
--

ALTER TABLE ONLY public.auth_permission
    ADD CONSTRAINT auth_permission_content_type_id_2f476e4b_fk_django_co FOREIGN KEY (content_type_id) REFERENCES public.django_content_type(id) DEFERRABLE INITIALLY DEFERRED;


--
-- Name: auth_user_groups auth_user_groups_group_id_97559544_fk_auth_group_id; Type: FK CONSTRAINT; Schema: public; Owner: urbanstore_user
--

ALTER TABLE ONLY public.auth_user_groups
    ADD CONSTRAINT auth_user_groups_group_id_97559544_fk_auth_group_id FOREIGN KEY (group_id) REFERENCES public.auth_group(id) DEFERRABLE INITIALLY DEFERRED;


--
-- Name: auth_user_groups auth_user_groups_user_id_6a12ed8b_fk_auth_user_id; Type: FK CONSTRAINT; Schema: public; Owner: urbanstore_user
--

ALTER TABLE ONLY public.auth_user_groups
    ADD CONSTRAINT auth_user_groups_user_id_6a12ed8b_fk_auth_user_id FOREIGN KEY (user_id) REFERENCES public.auth_user(id) DEFERRABLE INITIALLY DEFERRED;


--
-- Name: auth_user_user_permissions auth_user_user_permi_permission_id_1fbb5f2c_fk_auth_perm; Type: FK CONSTRAINT; Schema: public; Owner: urbanstore_user
--

ALTER TABLE ONLY public.auth_user_user_permissions
    ADD CONSTRAINT auth_user_user_permi_permission_id_1fbb5f2c_fk_auth_perm FOREIGN KEY (permission_id) REFERENCES public.auth_permission(id) DEFERRABLE INITIALLY DEFERRED;


--
-- Name: auth_user_user_permissions auth_user_user_permissions_user_id_a95ead1b_fk_auth_user_id; Type: FK CONSTRAINT; Schema: public; Owner: urbanstore_user
--

ALTER TABLE ONLY public.auth_user_user_permissions
    ADD CONSTRAINT auth_user_user_permissions_user_id_a95ead1b_fk_auth_user_id FOREIGN KEY (user_id) REFERENCES public.auth_user(id) DEFERRABLE INITIALLY DEFERRED;


--
-- Name: django_admin_log django_admin_log_content_type_id_c4bce8eb_fk_django_co; Type: FK CONSTRAINT; Schema: public; Owner: urbanstore_user
--

ALTER TABLE ONLY public.django_admin_log
    ADD CONSTRAINT django_admin_log_content_type_id_c4bce8eb_fk_django_co FOREIGN KEY (content_type_id) REFERENCES public.django_content_type(id) DEFERRABLE INITIALLY DEFERRED;


--
-- Name: django_admin_log django_admin_log_user_id_c564eba6_fk_auth_user_id; Type: FK CONSTRAINT; Schema: public; Owner: urbanstore_user
--

ALTER TABLE ONLY public.django_admin_log
    ADD CONSTRAINT django_admin_log_user_id_c564eba6_fk_auth_user_id FOREIGN KEY (user_id) REFERENCES public.auth_user(id) DEFERRABLE INITIALLY DEFERRED;


--
-- Name: guardian_groupobjectpermission guardian_groupobject_content_type_id_7ade36b8_fk_django_co; Type: FK CONSTRAINT; Schema: public; Owner: urbanstore_user
--

ALTER TABLE ONLY public.guardian_groupobjectpermission
    ADD CONSTRAINT guardian_groupobject_content_type_id_7ade36b8_fk_django_co FOREIGN KEY (content_type_id) REFERENCES public.django_content_type(id) DEFERRABLE INITIALLY DEFERRED;


--
-- Name: guardian_groupobjectpermission guardian_groupobject_group_id_4bbbfb62_fk_auth_grou; Type: FK CONSTRAINT; Schema: public; Owner: urbanstore_user
--

ALTER TABLE ONLY public.guardian_groupobjectpermission
    ADD CONSTRAINT guardian_groupobject_group_id_4bbbfb62_fk_auth_grou FOREIGN KEY (group_id) REFERENCES public.auth_group(id) DEFERRABLE INITIALLY DEFERRED;


--
-- Name: guardian_groupobjectpermission guardian_groupobject_permission_id_36572738_fk_auth_perm; Type: FK CONSTRAINT; Schema: public; Owner: urbanstore_user
--

ALTER TABLE ONLY public.guardian_groupobjectpermission
    ADD CONSTRAINT guardian_groupobject_permission_id_36572738_fk_auth_perm FOREIGN KEY (permission_id) REFERENCES public.auth_permission(id) DEFERRABLE INITIALLY DEFERRED;


--
-- Name: guardian_userobjectpermission guardian_userobjectp_content_type_id_2e892405_fk_django_co; Type: FK CONSTRAINT; Schema: public; Owner: urbanstore_user
--

ALTER TABLE ONLY public.guardian_userobjectpermission
    ADD CONSTRAINT guardian_userobjectp_content_type_id_2e892405_fk_django_co FOREIGN KEY (content_type_id) REFERENCES public.django_content_type(id) DEFERRABLE INITIALLY DEFERRED;


--
-- Name: guardian_userobjectpermission guardian_userobjectp_permission_id_71807bfc_fk_auth_perm; Type: FK CONSTRAINT; Schema: public; Owner: urbanstore_user
--

ALTER TABLE ONLY public.guardian_userobjectpermission
    ADD CONSTRAINT guardian_userobjectp_permission_id_71807bfc_fk_auth_perm FOREIGN KEY (permission_id) REFERENCES public.auth_permission(id) DEFERRABLE INITIALLY DEFERRED;


--
-- Name: guardian_userobjectpermission guardian_userobjectpermission_user_id_d5c1e964_fk_auth_user_id; Type: FK CONSTRAINT; Schema: public; Owner: urbanstore_user
--

ALTER TABLE ONLY public.guardian_userobjectpermission
    ADD CONSTRAINT guardian_userobjectpermission_user_id_d5c1e964_fk_auth_user_id FOREIGN KEY (user_id) REFERENCES public.auth_user(id) DEFERRABLE INITIALLY DEFERRED;


--
-- PostgreSQL database dump complete
--

